date,recession_label,usdinr,india_vix,brent_oil,nifty50,sensex,iip_growth_pct,cpi_yoy_pct,gdp_growth_pct,repo_rate_pct,yield_spread_bps,credit_growth_yoy_pct,unemployment_rate_pct,sentiment_score,iip_3m_rolling_avg,cpi_momentum_3m,repo_rate_change,gdp_lag1q,iip_lag1m,yield_spread_lag1,year,month,fiscal_year,ft_composite,ft_mpc,ft_budget,ft_rbi_governor,ft_econ_survey,inr_level,inr_depreciation_1m,inr_depreciation_3m,oil_price_usd,oil_change_3m,equity_return_is_proxy,nifty_return_1m,nifty_return_3m,nifty_3m_vol,vix_level,vix_level_is_proxy,vix_change,vix_3m_avg,iip_growth_pct_is_proxy,cpi_yoy_pct_is_proxy,gdp_growth_pct_is_proxy,repo_rate_pct_is_proxy,yield_spread_bps_is_proxy,credit_growth_yoy_pct_is_proxy,unemployment_rate_pct_is_proxy,sentiment_score_is_proxy,iip_3m_rolling_avg_is_proxy,cpi_momentum_3m_is_proxy,repo_rate_change_is_proxy,gdp_lag1q_is_proxy,iip_lag1m_is_proxy,yield_spread_lag1_is_proxy,year_is_proxy,month_is_proxy,fiscal_year_is_proxy,finbert_composite_is_proxy,sent_mpc_is_proxy,sent_budget_is_proxy,sent_rbi_governor_is_proxy,sent_econ_survey_is_proxy,ft_composite_is_proxy,ft_mpc_is_proxy,ft_budget_is_proxy,ft_rbi_governor_is_proxy,ft_econ_survey_is_proxy,finbert_composite,sent_mpc,sent_budget,sent_rbi_governor,sent_econ_survey,sent_mpc_available
2000-01-01,0,43.65,35.13999938964844,27.08,5021.35009765625,5205.2900390625,-0.7,10.36,5.1,8.5,182.1,17.2,3.4,0.15,-0.7,-0.5,0.0,5.1,-0.7,182.1,2012.0,January,FY12,0.0,-0.0428,0.1926,-0.0551,0.0926,43.65,0.0,0.1145475372279491,27.08,-12.149187592319056,True,4.652577934444313,-10.522761080834051,7.065457566670511,24.475462968390584,True,-18.569094143226916,18.841799069275076,True,True,True,True,True,True,True,True,True,True,True,True,True,True,True,True,True,True,False,True,True,True,True,True,True,True,True,0.0,0.0,0.0,0.0,0.0,False
2000-02-01,0,43.65,35.13999938964844,29.01,5021.35009765625,5447.47021484375,-0.7,10.36,5.1,8.5,182.1,17.2,3.4,0.15,-0.7,-0.5,0.0,5.1,-0.7,182.1,2012.0,January,FY12,0.0,-0.0428,0.1926,-0.0551,0.0926,43.65,0.0,0.1145475372279491,29.01,-12.149187592319056,True,4.652577934444313,-10.522761080834051,7.065457566670511,24.475462968390584,True,-18.569094143226916,18.841799069275076,True,True,True,True,True,True,True,True,True,True,True,True,True,True,True,True,True,True,False,True,True,True,True,True,True,True,True,0.0,0.0,0.0,0.0,0.0,False
2000-03-01,0,43.65,35.13999938964844,23.98,5021.35009765625,5001.27978515625,-0.7,10.36,5.1,8.5,182.1,17.2,3.4,0.15,-0.7,-0.5,0.0,5.1,-0.7,182.1,2012.0,January,FY12,0.0,-0.0428,0.1926,-0.0551,0.0926,43.65,0.0,0.1145475372279491,23.98,-12.149187592319056,True,-8.190782364843052,-10.522761080834051,7.065457566670511,24.475462968390584,True,-18.569094143226916,18.841799069275076,True,True,True,True,True,True,True,True,True,True,True,True,True,True,True,True,True,True,False,True,True,True,True,True,True,True,True,0.0,0.0,0.0,0.0,0.0,False
2000-04-01,0,43.7,35.13999938964844,23.79,5021.35009765625,4657.5498046875,-0.7,10.36,5.1,8.5,182.1,17.2,3.4,0.15,-0.7,-0.5,0.0,5.1,-0.7,182.1,2012.0,January,FY12,0.0,-0.0428,0.1926,-0.0551,0.0926,43.7,0.1145475372279491,0.1145475372279491,23.79,-12.149187592319056,True,-6.872840457535235,-10.522761080834051,7.065457566670511,24.475462968390584,True,-18.569094143226916,18.841799069275076,True,True,True,True,True,True,True,True,True,True,True,True,True,True,True,True,True,True,False,True,True,True,True,True,True,True,True,0.0,0.0,0.0,0.0,0.0,False
2000-05-01,0,44.65,35.13999938964844,29.64,5021.35009765625,4433.60986328125,-0.7,10.36,5.1,8.5,182.1,17.2,3.4,0.15,-0.7,-0.5,0.0,5.1,-0.7,182.1,2012.0,January,FY12,0.0,-0.0428,0.1926,-0.0551,0.0926,44.65,2.1739130434782483,2.290950744558984,29.64,2.171664943123064,True,-4.808106210284002,-18.6115813685377,1.7050218155707295,5.906368825163671,True,-18.569094143226916,18.841799069275076,True,True,True,True,True,True,True,True,True,True,True,True,True,True,True,True,True,True,False,True,True,True,True,True,True,True,True,0.0,0.0,0.0,0.0,0.0,False
2000-06-01,0,44.7,35.13999938964844,31.58,5021.35009765625,4748.77001953125,-0.7,10.36,5.1,8.5,182.1,17.2,3.4,0.15,-0.7,-0.5,0.0,5.1,-0.7,182.1,2012.0,January,FY12,0.0,-0.0428,0.1926,-0.0551,0.0926,44.7,0.1119820828667572,2.4054982817869552,31.58,31.6930775646372,True,7.108432315168889,-5.04890301027443,7.546997264752968,26.14356541427097,True,20.2371965891073,18.841799069275076,True,True,True,True,True,True,True,True,True,True,True,True,True,True,True,True,True,True,False,True,True,True,True,True,True,True,True,0.0,0.0,0.0,0.0,0.0,False
2000-07-01,0,45.15,35.13999938964844,25.3,5021.35009765625,4279.85986328125,-0.7,10.36,5.1,8.5,182.1,17.2,3.4,0.15,-0.7,-0.5,0.0,5.1,-0.7,182.1,2012.0,January,FY12,0.0,-0.0428,0.1926,-0.0551,0.0926,45.15,1.0067114093959662,3.318077803203656,25.3,6.347204707860454,True,-9.874349659415303,-8.10919812443297,8.718616066696313,30.202171998408677,True,4.058606584137703,20.7507020792811,True,True,True,True,True,True,True,True,True,True,True,True,True,True,True,True,True,True,False,True,True,True,True,True,True,True,True,0.0,0.0,0.0,0.0,0.0,False
2000-08-01,0,45.9,35.13999938964844,35.08,5021.35009765625,4477.31005859375,-0.7,10.36,5.1,8.5,182.1,17.2,3.4,0.15,-0.7,-0.5,0.0,5.1,-0.7,182.1,2012.0,January,FY12,0.0,-0.0428,0.1926,-0.0551,0.0926,45.9,1.661129568106312,2.799552071668532,35.08,18.35357624831309,True,4.613473375764232,0.9856572107171946,9.170030170836004,31.765916325654945,True,1.5637443272462723,29.37055124611153,True,True,True,True,True,True,True,True,True,True,True,True,True,True,True,True,True,True,False,True,True,True,True,True,True,True,True,0.0,0.0,0.0,0.0,0.0,False
2000-09-01,0,46.06,35.13999938964844,28.42,5021.35009765625,4090.3798828125,-0.7,10.36,5.1,8.5,182.1,17.2,3.4,0.15,-0.7,-0.5,0.0,5.1,-0.7,182.1,2012.0,January,FY12,0.0,-0.0428,0.1926,-0.0551,0.0926,46.06,0.3485838779956562,3.0425055928411604,28.42,-10.00633312222925,True,-8.64202323979274,-13.864435085524295,8.032474040088985,27.825306295824337,True,-3.9406100298306086,29.931131539962653,True,True,True,True,True,True,True,True,True,True,True,True,True,True,True,True,True,True,False,True,True,True,True,True,True,True,True,0.0,0.0,0.0,0.0,0.0,False
2000-10-01,0,46.9,35.13999938964844,30.15,5021.35009765625,3711.02001953125,-0.7,10.36,5.1,8.5,182.1,17.2,3.4,0.15,-0.7,-0.5,0.0,5.1,-0.7,182.1,2012.0,January,FY12,0.0,-0.0428,0.1926,-0.0551,0.0926,46.9,1.8237082066869137,3.875968992248069,30.15,19.1699604743083,True,-9.27444086245619,-13.29108573461294,7.842005530715798,27.1655040248718,True,-0.6598022709525395,28.918908882117027,True,True,True,True,True,True,True,True,True,True,True,True,True,True,True,True,True,True,False,True,True,True,True,True,True,True,True,0.0,0.0,0.0,0.0,0.0,False
2000-11-01,0,46.87,35.13999938964844,32.53,5021.35009765625,3997.989990234375,-0.7,10.36,5.1,8.5,182.1,17.2,3.4,0.15,-0.7,-0.5,0.0,5.1,-0.7,182.1,2012.0,January,FY12,0.0,-0.0428,0.1926,-0.0551,0.0926,46.87,-0.0639658848614055,2.113289760348591,32.53,-7.269099201824392,True,7.732913570737709,-10.705536629954135,9.641823932004083,33.40025785572921,True,6.234753830857411,29.463689392141777,True,True,True,True,True,True,True,True,True,True,True,True,True,True,True,True,True,True,False,True,True,True,True,True,True,True,True,0.0,0.0,0.0,0.0,0.0,False
2000-12-01,0,46.75,35.13999938964844,22.58,5021.35009765625,3972.1201171875,-0.7,10.36,5.1,8.5,182.1,17.2,3.4,0.15,-0.7,-0.5,0.0,5.1,-0.7,182.1,2012.0,January,FY12,0.0,-0.0428,0.1926,-0.0551,0.0926,46.75,-0.2560273095796872,1.4980460269214069,22.58,-20.54890921885997,True,-0.6470719814223092,-2.8911682780838888,8.503977074288265,29.45864071813641,True,-3.941617137592793,30.008134199579143,True,True,True,True,True,True,True,True,True,True,True,True,True,True,True,True,True,True,False,True,True,True,True,True,True,True,True,0.0,0.0,0.0,0.0,0.0,False
2001-01-01,0,46.44,35.13999938964844,26.59,5021.35009765625,4326.72021484375,-0.7,10.36,5.1,8.5,182.1,17.2,3.4,0.15,-0.7,-0.5,0.0,5.1,-0.7,182.1,2012.0,January,FY12,0.0,-0.0428,0.1926,-0.0551,0.0926,46.44,-0.6631016042780824,-0.9808102345415848,26.59,-11.807628524046432,True,8.927224937682098,16.591131065638145,5.217242231147206,18.073057239481937,True,-11.385583478654478,26.977318604449184,True,True,True,True,True,True,True,True,True,True,True,True,True,True,True,True,True,True,False,True,True,True,True,True,True,True,True,0.0,0.0,0.0,0.0,0.0,False
2001-02-01,0,46.59,35.13999938964844,25.16,5021.35009765625,4247.0400390625,-0.7,10.36,5.1,8.5,182.1,17.2,3.4,0.15,-0.7,-0.5,0.0,5.1,-0.7,182.1,2012.0,January,FY12,0.0,-0.0428,0.1926,-0.0551,0.0926,46.59,0.3229974160206872,-0.597397055685922,25.16,-22.65600983707348,True,-1.8415837360569287,6.229381500115383,5.9028419720042375,20.448044409122808,True,2.374987169640871,22.659914122247056,True,True,True,True,True,True,True,True,True,True,True,True,True,True,True,True,True,True,False,True,True,True,True,True,True,True,True,0.0,0.0,0.0,0.0,0.0,False
2001-03-01,0,46.85,35.13999938964844,23.5,5021.35009765625,3604.3798828125,-0.7,10.36,5.1,8.5,182.1,17.2,3.4,0.15,-0.7,-0.5,0.0,5.1,-0.7,182.1,2012.0,January,FY12,0.0,-0.0428,0.1926,-0.0551,0.0926,46.85,0.5580596694569673,0.2139037433155133,23.5,4.074402125775034,True,-15.131954263182834,-9.258034085721013,12.051592514540872,41.74794109460311,True,21.2998966854803,26.75634758106928,True,True,True,True,True,True,True,True,True,True,True,True,True,True,True,True,True,True,False,True,True,True,True,True,True,True,True,0.0,0.0,0.0,0.0,0.0,False
2001-04-01,0,46.88,35.13999938964844,27.21,5021.35009765625,3519.159912109375,-0.7,10.36,5.1,8.5,182.1,17.2,3.4,0.15,-0.7,-0.5,0.0,5.1,-0.7,182.1,2012.0,January,FY12,0.0,-0.0428,0.1926,-0.0551,0.0926,46.88,0.0640341515474984,0.9474590869939848,27.21,2.33170364798796,True,-2.364344865797774,-18.664490945447888,7.5268306485450225,26.073706206493164,True,-15.674234888109943,29.423230570073027,True,True,True,True,True,True,True,True,True,True,True,True,True,True,True,True,True,True,False,True,True,True,True,True,True,True,True,0.0,0.0,0.0,0.0,0.0,False
2001-05-01,0,47.0,35.13999938964844,28.55,5021.35009765625,3631.909912109375,-0.7,10.36,5.1,8.5,182.1,17.2,3.4,0.15,-0.7,-0.5,0.0,5.1,-0.7,182.1,2012.0,January,FY12,0.0,-0.0428,0.1926,-0.0551,0.0926,47.0,0.255972696245732,0.8800171710667382,28.55,13.473767885532585,True,3.2038896445719667,-14.48373740994704,9.400534178937358,32.56440563241456,True,6.490699425921399,33.46201764450361,True,True,True,True,True,True,True,True,True,True,True,True,True,True,True,True,True,True,False,True,True,True,True,True,True,True,True,0.0,0.0,0.0,0.0,0.0,False
2001-06-01,0,47.09,35.13999938964844,26.21,5021.35009765625,3456.780029296875,-0.7,10.36,5.1,8.5,182.1,17.2,3.4,0.15,-0.7,-0.5,0.0,5.1,-0.7,182.1,2012.0,January,FY12,0.0,-0.0428,0.1926,-0.0551,0.0926,47.09,0.191489361702124,0.5122732123799434,26.21,11.531914893617024,True,-4.821977610969608,-4.095013797503844,4.112171759467817,14.244980833696324,True,-18.31942479871824,24.29436422420135,True,True,True,True,True,True,True,True,True,True,True,True,True,True,True,True,True,True,False,True,True,True,True,True,True,True,True,0.0,0.0,0.0,0.0,0.0,False
2001-07-01,0,47.18,35.13999938964844,24.35,5021.35009765625,3329.280029296875,-0.7,10.36,5.1,8.5,182.1,17.2,3.4,0.15,-0.7,-0.5,0.0,5.1,-0.7,182.1,2012.0,January,FY12,0.0,-0.0428,0.1926,-0.0551,0.0926,47.18,0.1911233807602386,0.639931740614319,24.35,-10.510841602352071,True,-3.688403627636505,-5.395602574328207,4.343639827943732,15.046809743556558,True,0.8018289098602338,20.618732069889152,True,True,True,True,True,True,True,True,True,True,True,True,True,True,True,True,True,True,False,True,True,True,True,True,True,True,True,0.0,0.0,0.0,0.0,0.0,False
2001-08-01,0,47.17,35.13999938964844,26.8,5021.35009765625,3244.949951171875,-0.7,10.36,5.1,8.5,182.1,17.2,3.4,0.15,-0.7,-0.5,0.0,5.1,-0.7,182.1,2012.0,January,FY12,0.0,-0.0428,0.1926,-0.0551,0.0926,47.17,-0.0211954217888887,0.36170212765958,26.8,-6.129597197898429,True,-2.5329824281200564,-10.654448218754345,1.1445149679442217,3.9647161490049134,True,-11.082093594551644,11.085502242085935,True,True,True,True,True,True,True,True,True,True,True,True,True,True,True,True,True,True,False,True,True,True,True,True,True,True,True,0.0,0.0,0.0,0.0,0.0,False
2001-09-01,1,47.9,35.13999938964844,21.87,5021.35009765625,2811.60009765625,-0.7,10.36,5.1,8.5,182.1,17.2,3.4,0.15,-0.7,-0.5,0.0,5.1,-0.7,182.1,2012.0,January,FY12,0.0,-0.0428,0.1926,-0.0551,0.0926,47.9,1.5475938096247477,1.720110426842214,21.87,-16.55856543304083,True,-13.354592829979572,-18.664188237972933,5.9424667091119066,20.58530852493689,True,16.620592375931977,13.19894480583279,True,True,True,True,True,True,True,True,True,True,True,True,True,True,True,True,True,True,False,True,True,True,True,True,True,True,True,0.0,0.0,0.0,0.0,0.0,False
2001-10-01,1,48.04,35.13999938964844,19.63,5021.35009765625,2989.35009765625,-0.7,10.36,5.1,8.5,182.1,17.2,3.4,0.15,-0.7,-0.5,0.0,5.1,-0.7,182.1,2012.0,January,FY12,0.0,-0.0428,0.1926,-0.0551,0.0926,48.04,0.2922755741127325,1.822806273844857,19.63,-19.383983572895293,True,6.322022827790219,-10.210313600818257,9.854673793987502,34.13759140640781,True,13.552282881470916,19.562538693449877,True,True,True,True,True,True,True,True,True,True,True,True,True,True,True,True,True,True,False,True,True,True,True,True,True,True,True,0.0,0.0,0.0,0.0,0.0,False
2001-11-01,1,47.98,35.13999938964844,18.92,5021.35009765625,3287.56005859375,-0.7,10.36,5.1,8.5,182.1,17.2,3.4,0.15,-0.7,-0.5,0.0,5.1,-0.7,182.1,2012.0,January,FY12,0.0,-0.0428,0.1926,-0.0551,0.0926,47.98,-0.1248959200666144,1.717193131227468,18.92,-29.402985074626866,True,9.975745603410813,1.3131206355428526,12.548728921562882,43.47007212511183,True,9.33248071870402,32.73099068548552,True,True,True,True,True,True,True,True,True,True,True,True,True,True,True,True,True,True,False,True,True,True,True,True,True,True,True,0.0,0.0,0.0,0.0,0.0,False
2001-12-01,1,48.27,35.13999938964844,19.35,5021.35009765625,3262.330078125,-0.7,10.36,5.1,8.5,182.1,17.2,3.4,0.15,-0.7,-0.5,0.0,5.1,-0.7,182.1,2012.0,January,FY12,0.0,-0.0428,0.1926,-0.0551,0.0926,48.27,0.6044185077115571,0.7724425887265296,19.35,-11.52263374485597,True,-0.7674378572278373,16.031084251436734,5.462388576963457,18.92226909196913,True,-24.547803033142696,32.17664420782959,True,True,True,True,True,True,True,True,True,True,True,True,True,True,True,True,True,True,False,True,True,True,True,True,True,True,True,0.0,0.0,0.0,0.0,0.0,False
2002-01-01,1,48.56,35.13999938964844,19.07,5021.35009765625,3311.030029296875,-0.7,10.36,5.1,8.5,182.1,17.2,3.4,0.15,-0.7,-0.5,0.0,5.1,-0.7,182.1,2012.0,January,FY12,0.0,-0.0428,0.1926,-0.0551,0.0926,48.56,0.6007872384503843,1.0824313072439695,19.07,-2.85277636271013,True,1.4927965596867263,10.760865108868778,5.663995570954665,19.620656205477143,True,0.6983871135080122,27.337665807519368,True,True,True,True,True,True,True,True,True,True,True,True,True,True,True,True,True,True,False,True,True,True,True,True,True,True,True,0.0,0.0,0.0,0.0,0.0,False
2002-02-01,1,48.76,35.13999938964844,20.73,5021.35009765625,3562.31005859375,-0.7,10.36,5.1,8.5,182.1,17.2,3.4,0.15,-0.7,-0.5,0.0,5.1,-0.7,182.1,2012.0,January,FY12,0.0,-0.0428,0.1926,-0.0551,0.0926,48.76,0.4118616144975107,1.6256773655690004,20.73,9.566596194503171,True,7.589180015689445,8.357261771744607,4.322568934017312,14.973818025873651,True,-4.646838179603492,17.838914441106642,True,True,True,True,True,True,True,True,True,True,True,True,True,True,True,True,True,True,False,True,True,True,True,True,True,True,True,0.0,0.0,0.0,0.0,0.0,False
2002-03-01,1,48.83,35.13999938964844,25.34,5021.35009765625,3469.35009765625,-0.7,10.36,5.1,8.5,182.1,17.2,3.4,0.15,-0.7,-0.5,0.0,5.1,-0.7,182.1,2012.0,January,FY12,0.0,-0.0428,0.1926,-0.0551,0.0926,48.83,0.14356029532403,1.160140874249005,25.34,30.95607235142117,True,-2.609541544909677,6.3457717206296005,5.131747438538467,17.776894590320136,True,2.803076564446485,17.45712294055698,True,True,True,True,True,True,True,True,True,True,True,True,True,True,True,True,True,True,False,True,True,True,True,True,True,True,True,0.0,0.0,0.0,0.0,0.0,False
2002-04-01,0,48.98,35.13999938964844,26.98,5021.35009765625,3338.159912109375,-0.7,10.36,5.1,8.5,182.1,17.2,3.4,0.15,-0.7,-0.5,0.0,5.1,-0.7,182.1,2012.0,January,FY12,0.0,-0.0428,0.1926,-0.0551,0.0926,48.98,0.3071882039729745,0.8649093904447902,26.98,41.47876245411641,True,-3.781405215792477,0.8193789416721442,6.254030626192987,21.66459759331611,True,3.887703002995973,18.1384367365033,True,True,True,True,True,True,True,True,True,True,True,True,True,True,True,True,True,True,False,True,True,True,True,True,True,True,True,0.0,0.0,0.0,0.0,0.0,False
2002-05-01,0,49.06,35.13999938964844,23.87,5021.35009765625,3125.72998046875,-0.7,10.36,5.1,8.5,182.1,17.2,3.4,0.15,-0.7,-0.5,0.0,5.1,-0.7,182.1,2012.0,January,FY12,0.0,-0.0428,0.1926,-0.0551,0.0926,49.06,0.1633319722335713,0.6152584085315826,23.87,15.147129763627598,True,-6.363683503298412,-12.255532812810344,1.92072067468586,6.653571591407765,True,-15.011026001908345,15.365021258348008,True,True,True,True,True,True,True,True,True,True,True,True,True,True,True,True,True,True,False,True,True,True,True,True,True,True,True,0.0,0.0,0.0,0.0,0.0,False
2002-06-01,0,48.91,35.13999938964844,25.33,5021.35009765625,3244.699951171875,-0.7,10.36,5.1,8.5,182.1,17.2,3.4,0.15,-0.7,-0.5,0.0,5.1,-0.7,182.1,2012.0,January,FY12,0.0,-0.0428,0.1926,-0.0551,0.0926,48.91,-0.3057480635956122,0.1638337087855879,25.33,-0.0394632991318144,True,3.8061499696555368,-6.4752803885701375,5.2862189971339335,18.31199976594354,True,11.658428174535777,15.543389650222474,True,True,True,True,True,True,True,True,True,True,True,True,True,True,True,True,True,True,False,True,True,True,True,True,True,True,True,0.0,0.0,0.0,0.0,0.0,False
2002-07-01,0,48.69,35.13999938964844,26.28,5021.35009765625,2987.64990234375,-0.7,10.36,5.1,8.5,182.1,17.2,3.4,0.15,-0.7,-0.5,0.0,5.1,-0.7,182.1,2012.0,January,FY12,0.0,-0.0428,0.1926,-0.0551,0.0926,48.69,-0.4498057656920906,-0.5920783993466738,26.28,-2.594514455151964,True,-7.922151591714588,-10.500096430195835,6.36929343497198,22.06387967537273,True,3.751879909429192,15.67648367757468,True,True,True,True,True,True,True,True,True,True,True,True,True,True,True,True,True,True,False,True,True,True,True,True,True,True,True,0.0,0.0,0.0,0.0,0.0,False
2002-08-01,0,48.52,35.13999938964844,27.56,5021.35009765625,3181.22998046875,-0.7,10.36,5.1,8.5,182.1,17.2,3.4,0.15,-0.7,-0.5,0.0,5.1,-0.7,182.1,2012.0,January,FY12,0.0,-0.0428,0.1926,-0.0551,0.0926,48.52,-0.3491476689258421,-1.100693028944144,27.56,15.458734813573516,True,6.479342776178032,1.775585234386634,7.66052715030895,26.53684447419185,True,4.47296479881912,22.304241305169374,True,True,True,True,True,True,True,True,True,True,True,True,True,True,True,True,True,True,False,True,True,True,True,True,True,True,True,0.0,0.0,0.0,0.0,0.0,False
2002-09-01,0,48.4,35.13999938964844,29.11,5021.35009765625,2991.360107421875,-0.7,10.36,5.1,8.5,182.1,17.2,3.4,0.15,-0.7,-0.5,0.0,5.1,-0.7,182.1,2012.0,January,FY12,0.0,-0.0428,0.1926,-0.0551,0.0926,48.4,-0.2473206924979432,-1.0427315477407495,29.11,14.923016186340307,True,-5.968442212998948,-7.807804960779297,7.812035282196566,27.06168403857025,True,0.5248395643783965,25.22080272937828,True,True,True,True,True,True,True,True,True,True,True,True,True,True,True,True,True,True,False,True,True,True,True,True,True,True,True,0.0,0.0,0.0,0.0,0.0,False
2002-10-01,0,48.39,35.13999938964844,25.51,5021.35009765625,2949.320068359375,-0.7,10.36,5.1,8.5,182.1,17.2,3.4,0.15,-0.7,-0.5,0.0,5.1,-0.7,182.1,2012.0,January,FY12,0.0,-0.0428,0.1926,-0.0551,0.0926,48.39,-0.0206611570247927,-0.6161429451632672,25.51,-2.9299847792998435,True,-1.4053820854999843,-1.2829426217009776,6.297324233465009,21.814571048192256,True,-5.2471129903779925,25.13769985365145,True,True,True,True,True,True,True,True,True,True,True,True,True,True,True,True,True,True,False,True,True,True,True,True,True,True,True,0.0,0.0,0.0,0.0,0.0,False
2002-11-01,0,48.36,35.13999938964844,25.74,5021.35009765625,3228.820068359375,-0.7,10.36,5.1,8.5,182.1,17.2,3.4,0.15,-0.7,-0.5,0.0,5.1,-0.7,182.1,2012.0,January,FY12,0.0,-0.0428,0.1926,-0.0551,0.0926,48.36,-0.0619962802231865,-0.3297609233305909,25.74,-6.6037735849056585,True,9.476760525197191,1.4959650255657486,7.935120595079232,27.488064069726825,True,5.6734930215345685,25.45477305216311,True,True,True,True,True,True,True,True,True,True,True,True,True,True,True,True,True,True,False,True,True,True,True,True,True,True,True,0.0,0.0,0.0,0.0,0.0,False
2002-12-01,0,48.0,35.13999938964844,30.12,5021.35009765625,3377.280029296875,-0.7,10.36,5.1,8.5,182.1,17.2,3.4,0.15,-0.7,-0.5,0.0,5.1,-0.7,182.1,2012.0,January,FY12,0.0,-0.0428,0.1926,-0.0551,0.0926,48.0,-0.7444168734491274,-0.8264462809917328,30.12,3.469598076262459,True,4.597963274334305,12.901152252364836,5.450746828402239,18.881940891975187,True,-8.606123177751638,22.72819200329809,True,True,True,True,True,True,True,True,True,True,True,True,True,True,True,True,True,True,False,True,True,True,True,True,True,True,True,0.0,0.0,0.0,0.0,0.0,False
2003-01-01,0,47.83,35.13999938964844,31.57,5021.35009765625,3250.3798828125,-0.7,10.36,5.1,8.5,182.1,17.2,3.4,0.15,-0.7,-0.5,0.0,5.1,-0.7,182.1,2012.0,January,FY12,0.0,-0.0428,0.1926,-0.0551,0.0926,47.83,-0.3541666666666665,-1.157263897499483,31.57,23.75539004312033,True,-3.757465930676607,10.207770180080743,6.6927897733347645,23.184503863586404,True,4.302562971611216,23.184836275096146,True,True,True,True,True,True,True,True,True,True,True,True,True,True,True,True,True,True,False,True,True,True,True,True,True,True,True,0.0,0.0,0.0,0.0,0.0,False
2003-02-01,0,47.66,35.13999938964844,34.0,5021.35009765625,3283.659912109375,-0.7,10.36,5.1,8.5,182.1,17.2,3.4,0.15,-0.7,-0.5,0.0,5.1,-0.7,182.1,2012.0,January,FY12,0.0,-0.0428,0.1926,-0.0551,0.0926,47.66,-0.3554254651892186,-1.447477253928875,34.0,32.090132090132094,True,1.0238812230181082,1.6984484297344338,4.1922257476117695,14.52229598332401,True,-8.662207880262393,18.862913579628536,True,True,True,True,True,True,True,True,True,True,True,True,True,True,True,True,True,True,False,True,True,True,True,True,True,True,True,0.0,0.0,0.0,0.0,0.0,False
2003-03-01,0,47.53,35.13999938964844,28.05,5021.35009765625,3048.719970703125,-0.7,10.36,5.1,8.5,182.1,17.2,3.4,0.15,-0.7,-0.5,0.0,5.1,-0.7,182.1,2012.0,January,FY12,0.0,-0.0428,0.1926,-0.0551,0.0926,47.53,-0.2727654217372977,-0.9791666666666644,28.05,-6.872509960159368,True,-7.154819551800906,-9.728540593127963,4.108820564653883,14.233371954328735,True,-0.2889240289952735,17.313390600413054,True,True,True,True,True,True,True,True,True,True,True,True,True,True,True,True,True,True,False,True,True,True,True,True,True,True,True,0.0,0.0,0.0,0.0,0.0,False
2003-04-01,0,47.37,35.13999938964844,23.6,5021.35009765625,2959.7900390625,-0.7,10.36,5.1,8.5,182.1,17.2,3.4,0.15,-0.7,-0.5,0.0,5.1,-0.7,182.1,2012.0,January,FY12,0.0,-0.0428,0.1926,-0.0551,0.0926,47.37,-0.3366294971597017,-0.9617394940414026,23.6,-25.24548622109597,True,-2.9169596583222823,-8.940180970433442,4.090249171155374,14.169038760115193,True,-0.0643331942135443,14.308235565922647,True,True,True,True,True,True,True,True,True,True,True,True,True,True,True,True,True,True,False,True,True,True,True,True,True,True,True,0.0,0.0,0.0,0.0,0.0,False
2003-05-01,0,47.07,35.13999938964844,26.58,5021.35009765625,3180.75,-0.7,10.36,5.1,8.5,182.1,17.2,3.4,0.15,-0.7,-0.5,0.0,5.1,-0.7,182.1,2012.0,January,FY12,0.0,-0.0428,0.1926,-0.0551,0.0926,47.07,-0.633312222925897,-1.2379353755769928,26.58,-21.82352941176471,True,7.465393086040928,-3.1340003186647536,7.522226205949615,26.057755949461605,True,11.888717189346412,18.153388887968514,True,True,True,True,True,True,True,True,True,True,True,True,True,True,True,True,True,True,False,True,True,True,True,True,True,True,True,0.0,0.0,0.0,0.0,0.0,False
2003-06-01,0,46.4,35.13999938964844,28.88,5021.35009765625,3607.1298828125,-0.7,10.36,5.1,8.5,182.1,17.2,3.4,0.15,-0.7,-0.5,0.0,5.1,-0.7,182.1,2012.0,January,FY12,0.0,-0.0428,0.1926,-0.0551,0.0926,46.4,-1.423411939664332,-2.377445823690305,28.88,2.95900178253119,True,13.405010856323196,18.31620868677519,8.261144283596508,28.617443255692688,True,2.5596873062310834,22.94807932175649,True,True,True,True,True,True,True,True,True,True,True,True,True,True,True,True,True,True,False,True,True,True,True,True,True,True,True,0.0,0.0,0.0,0.0,0.0,False
2003-07-01,0,46.15,35.13999938964844,28.68,5021.35009765625,3792.610107421875,-0.7,10.36,5.1,8.5,182.1,17.2,3.4,0.15,-0.7,-0.5,0.0,5.1,-0.7,182.1,2012.0,January,FY12,0.0,-0.0428,0.1926,-0.0551,0.0926,46.15,-0.5387931034482762,-2.5754697065653365,28.68,21.525423728813543,True,5.142044523907052,28.13780901239764,4.26133039493664,14.76168150373562,True,-13.855761751957068,23.145626902963304,True,True,True,True,True,True,True,True,True,True,True,True,True,True,True,True,True,True,False,True,True,True,True,True,True,True,True,0.0,0.0,0.0,0.0,0.0,False
2003-08-01,0,45.88,35.13999938964844,30.38,5021.35009765625,4244.72998046875,-0.7,10.36,5.1,8.5,182.1,17.2,3.4,0.15,-0.7,-0.5,0.0,5.1,-0.7,182.1,2012.0,January,FY12,0.0,-0.0428,0.1926,-0.0551,0.0926,45.88,-0.5850487540628335,-2.5281495644784324,30.38,14.296463506395796,True,11.921074411580236,33.45060065923917,4.405184941267986,15.260008270026946,True,0.498326766291326,19.54637767648509,True,True,True,True,True,True,True,True,True,True,True,True,True,True,True,True,True,True,False,True,True,True,True,True,True,True,True,0.0,0.0,0.0,0.0,0.0,False
2003-09-01,0,45.78,35.13999938964844,28.09,5021.35009765625,4453.240234375,-0.7,10.36,5.1,8.5,182.1,17.2,3.4,0.15,-0.7,-0.5,0.0,5.1,-0.7,182.1,2012.0,January,FY12,0.0,-0.0428,0.1926,-0.0551,0.0926,45.78,-0.2179598953792494,-1.336206896551717,28.09,-2.73545706371191,True,4.912214790237934,23.45660896753689,3.981879395380346,13.7936348448208,True,-1.4663734252061449,14.605108206194458,True,True,True,True,True,True,True,True,True,True,True,True,True,True,True,True,True,True,False,True,True,True,True,True,True,True,True,0.0,0.0,0.0,0.0,0.0,False
2003-10-01,0,45.33,35.13999938964844,27.88,5021.35009765625,4906.8701171875,-0.7,10.36,5.1,8.5,182.1,17.2,3.4,0.15,-0.7,-0.5,0.0,5.1,-0.7,182.1,2012.0,January,FY12,0.0,-0.0428,0.1926,-0.0551,0.0926,45.33,-0.9829619921363107,-1.7768147345612162,27.88,-2.789400278940035,True,10.18651271743407,29.379766920546224,3.650366102354376,12.645239111009902,True,-1.148395733810899,13.89962740861922,True,True,True,True,True,True,True,True,True,True,True,True,True,True,True,True,True,True,False,True,True,True,True,True,True,True,True,0.0,0.0,0.0,0.0,0.0,False
2003-11-01,0,45.82,35.13999938964844,28.95,5021.35009765625,5044.81982421875,-0.7,10.36,5.1,8.5,182.1,17.2,3.4,0.15,-0.7,-0.5,0.0,5.1,-0.7,182.1,2012.0,January,FY12,0.0,-0.0428,0.1926,-0.0551,0.0926,45.82,1.0809618354290729,-0.1307759372275563,28.95,-4.707044107965763,True,2.811358436980993,18.84901624912416,3.799664825181535,13.162425057893469,True,0.5171859468835649,13.200433004574728,True,True,True,True,True,True,True,True,True,True,True,True,True,True,True,True,True,True,False,True,True,True,True,True,True,True,True,0.0,0.0,0.0,0.0,0.0,False
2003-12-01,0,45.52999877929688,35.13999938964844,30.3,5021.35009765625,5838.9599609375,-0.7,10.36,5.1,8.5,182.1,17.2,3.4,0.15,-0.7,-0.5,0.0,5.1,-0.7,182.1,2012.0,January,FY12,0.0,-0.0428,0.1926,-0.0551,0.0926,45.52999877929688,-0.6329140565323521,-0.5460926620863393,30.3,7.867568529725877,True,15.741694736178856,31.11711144316882,6.486480102647155,22.46982620013892,True,9.307401142245451,16.092496789680766,True,True,True,True,True,True,True,True,True,True,True,True,True,True,True,True,True,True,False,True,True,True,True,True,True,True,True,0.0,0.0,0.0,0.0,0.0,False
2004-01-01,0,45.01599884033203,35.13999938964844,29.53,5021.35009765625,5695.669921875,-0.7,10.36,5.1,8.5,182.1,17.2,3.4,0.15,-0.7,-0.5,0.0,5.1,-0.7,182.1,2012.0,January,FY12,0.0,-0.0428,0.1926,-0.0551,0.0926,45.01599884033203,-1.128925879081211,-0.6927005507786577,29.53,5.918220946915365,True,-2.454033595385252,16.075416423282498,9.363070005620882,32.43462592911916,True,9.96479972898024,22.68895906238385,True,True,True,True,True,True,True,True,True,True,True,True,True,True,True,True,True,True,False,True,True,True,True,True,True,True,True,0.0,0.0,0.0,0.0,0.0,False
2004-02-01,0,45.19599914550781,35.13999938964844,32.94,5021.35009765625,5667.509765625,-0.7,10.36,5.1,8.5,182.1,17.2,3.4,0.15,-0.7,-0.5,0.0,5.1,-0.7,182.1,2012.0,January,FY12,0.0,-0.0428,0.1926,-0.0551,0.0926,45.19599914550781,0.3998585165559287,-1.3618525850986218,32.94,13.782383419689117,True,-0.4944134164419744,12.343155218683789,9.987791286577554,34.598723927492095,True,2.164097998372938,29.834392018916727,True,True,True,True,True,True,True,True,True,True,True,True,True,True,True,True,True,True,False,True,True,True,True,True,True,True,True,0.0,0.0,0.0,0.0,0.0,False
2004-03-01,0,43.33399963378906,35.13999938964844,32.29,5021.35009765625,5590.60009765625,-0.7,10.36,5.1,8.5,182.1,17.2,3.4,0.15,-0.7,-0.5,0.0,5.1,-0.7,182.1,2012.0,January,FY12,0.0,-0.0428,0.1926,-0.0551,0.0926,43.33399963378906,-4.119832611121332,-4.82319175133904,32.29,6.567656765676566,True,-1.357027533242694,-4.253494885095499,0.9821436300768416,3.402245335246445,True,-31.19647859224565,23.47853173061924,True,True,True,True,True,True,True,True,True,True,True,True,True,True,True,True,True,True,False,True,True,True,True,True,True,True,True,0.0,0.0,0.0,0.0,0.0,False
2004-04-01,0,44.28400039672852,35.13999938964844,35.23,5021.35009765625,5655.08984375,-0.7,10.36,5.1,8.5,182.1,17.2,3.4,0.15,-0.7,-0.5,0.0,5.1,-0.7,182.1,2012.0,January,FY12,0.0,-0.0428,0.1926,-0.0551,0.0926,44.28400039672852,2.1922757441450225,-1.6260850863264231,35.23,19.302404334574994,True,1.1535388861168228,-0.7124724340001998,1.275590951417447,4.418776675060284,True,1.016531339813839,14.13991531259961,True,True,True,True,True,True,True,True,True,True,True,True,True,True,True,True,True,True,False,True,True,True,True,True,True,True,True,0.0,0.0,0.0,0.0,0.0,False
2004-05-01,0,45.290000915527344,35.13999938964844,37.0,5021.35009765625,4759.6201171875,-0.7,10.36,5.1,8.5,182.1,17.2,3.4,0.15,-0.7,-0.5,0.0,5.1,-0.7,182.1,2012.0,January,FY12,0.0,-0.0428,0.1926,-0.0551,0.0926,45.290000915527344,2.27170199120752,0.207986927597048,37.0,12.32544019429267,True,-15.834756852752252,-16.019198660125824,9.169785367410729,31.76506830171405,True,27.34629162665377,13.195363437340262,True,True,True,True,True,True,True,True,True,True,True,True,True,True,True,True,True,True,False,True,True,True,True,True,True,True,True,0.0,0.0,0.0,0.0,0.0,False
2004-06-01,0,45.88800048828125,35.13999938964844,33.22,5021.35009765625,4795.4599609375,-0.7,10.36,5.1,8.5,182.1,17.2,3.4,0.15,-0.7,-0.5,0.0,5.1,-0.7,182.1,2012.0,January,FY12,0.0,-0.0428,0.1926,-0.0551,0.0926,45.88800048828125,1.3203788047371878,5.893757502367136,33.22,2.880148652833703,True,0.752997988654136,-14.222804758510575,9.694639719972566,33.58321711213559,True,1.8181488104215404,23.25568736296998,True,True,True,True,True,True,True,True,True,True,True,True,True,True,True,True,True,True,False,True,True,True,True,True,True,True,True,0.0,0.0,0.0,0.0,0.0,False
2004-07-01,0,46.2509994506836,35.13999938964844,41.47,5021.35009765625,5170.31982421875,-0.7,10.36,5.1,8.5,182.1,17.2,3.4,0.15,-0.7,-0.5,0.0,5.1,-0.7,182.1,2012.0,January,FY12,0.0,-0.0428,0.1926,-0.0551,0.0926,46.2509994506836,0.7910542157857803,4.44178266717834,41.47,17.712177121771223,True,7.816974103313456,-8.572277946512518,12.141236527122455,42.0584770633744,True,8.475259951238812,35.802254159074685,True,True,True,True,True,True,True,True,True,True,True,True,True,True,True,True,True,True,False,True,True,True,True,True,True,True,True,0.0,0.0,0.0,0.0,0.0,False
2004-08-01,0,46.27399826049805,35.13999938964844,39.8,5021.35009765625,5192.080078125,-0.7,10.36,5.1,8.5,182.1,17.2,3.4,0.15,-0.7,-0.5,0.0,5.1,-0.7,182.1,2012.0,January,FY12,0.0,-0.0428,0.1926,-0.0551,0.0926,46.27399826049805,0.0497260817876599,2.172659141266098,39.8,7.567567567567557,True,0.420868624109505,9.086018427727891,4.177567967186588,14.471519942478803,True,-27.5869571208956,30.0377380393296,True,True,True,True,True,True,True,True,True,True,True,True,True,True,True,True,True,True,False,True,True,True,True,True,True,True,True,0.0,0.0,0.0,0.0,0.0,False
2004-09-01,0,45.80899810791016,35.13999938964844,47.76,5021.35009765625,5583.60986328125,-0.7,10.36,5.1,8.5,182.1,17.2,3.4,0.15,-0.7,-0.5,0.0,5.1,-0.7,182.1,2012.0,January,FY12,0.0,-0.0428,0.1926,-0.0551,0.0926,45.80899810791016,-1.0048843196349466,-0.1721634839837227,47.76,43.76881396748946,True,7.540904209197818,16.43533485346145,4.19272182038652,14.52401442982425,True,0.0524944873454469,23.68467047855916,True,True,True,True,True,True,True,True,True,True,True,True,True,True,True,True,True,True,False,True,True,True,True,True,True,True,True,0.0,0.0,0.0,0.0,0.0,False
2004-10-01,0,45.24399948120117,35.13999938964844,48.16,5021.35009765625,5672.27001953125,-0.7,10.36,5.1,8.5,182.1,17.2,3.4,0.15,-0.7,-0.5,0.0,5.1,-0.7,182.1,2012.0,January,FY12,0.0,-0.0428,0.1926,-0.0551,0.0926,45.24399948120117,-1.2333791395700122,-2.1772501814931844,48.16,16.132143718350612,True,1.587864453658261,9.708300692759298,3.818714188705899,13.228413988845563,True,-1.2956004409786868,14.074649453716209,True,True,True,True,True,True,True,True,True,True,True,True,True,True,True,True,True,True,False,True,True,True,True,True,True,True,True,0.0,0.0,0.0,0.0,0.0,False
2004-11-01,0,44.43399810791016,35.13999938964844,44.23,5021.35009765625,6234.2900390625,-0.7,10.36,5.1,8.5,182.1,17.2,3.4,0.15,-0.7,-0.5,0.0,5.1,-0.7,182.1,2012.0,January,FY12,0.0,-0.0428,0.1926,-0.0551,0.0926,44.43399810791016,-1.7902956913160797,-3.976315472524472,44.23,11.13065326633167,True,9.908202846409896,20.073071779622275,4.2870117047246605,14.850644170451154,True,1.622230181605591,14.20102419637366,True,True,True,True,True,True,True,True,True,True,True,True,True,True,True,True,True,True,False,True,True,True,True,True,True,True,True,0.0,0.0,0.0,0.0,0.0,False
2004-12-01,0,43.30799865722656,35.13999938964844,40.38,5021.35009765625,6602.68994140625,-0.7,10.36,5.1,8.5,182.1,17.2,3.4,0.15,-0.7,-0.5,0.0,5.1,-0.7,182.1,2012.0,January,FY12,0.0,-0.0428,0.1926,-0.0551,0.0926,43.30799865722656,-2.534094384099872,-5.459624864076062,40.38,-15.452261306532655,True,5.909251896133294,18.25127655903469,4.1612103427687925,14.414855469313302,True,-0.4357887011378523,14.164637876203344,True,True,True,True,True,True,True,True,True,True,True,True,True,True,True,True,True,True,False,True,True,True,True,True,True,True,True,0.0,0.0,0.0,0.0,0.0,False
2005-01-01,0,43.65999984741211,35.13999938964844,44.51,5021.35009765625,6555.93994140625,-0.7,10.36,5.1,8.5,182.1,17.2,3.4,0.15,-0.7,-0.5,0.0,5.1,-0.7,182.1,2012.0,January,FY12,0.0,-0.0428,0.1926,-0.0551,0.0926,43.65999984741211,0.8127856310598869,-3.501015940129726,44.51,-7.578903654485048,True,-0.7080447577407112,15.57877038350204,5.361668535395856,18.573364633298063,True,4.15850916398476,15.946288091020842,True,True,True,True,True,True,True,True,True,True,True,True,True,True,True,True,True,True,False,True,True,True,True,True,True,True,True,0.0,0.0,0.0,0.0,0.0,False
2005-02-01,0,43.560001373291016,35.13999938964844,50.13,5021.35009765625,6713.85986328125,-0.7,10.36,5.1,8.5,182.1,17.2,3.4,0.15,-0.7,-0.5,0.0,5.1,-0.7,182.1,2012.0,January,FY12,0.0,-0.0428,0.1926,-0.0551,0.0926,43.560001373291016,-0.2290391078116793,-1.9669549710485068,50.13,13.339362423694334,True,2.408806720110457,7.692452889003953,3.3105008324697303,11.467911280673274,True,-7.105453352624789,14.81871046109488,True,True,True,True,True,True,True,True,True,True,True,True,True,True,True,True,True,True,False,True,True,True,True,True,True,True,True,0.0,0.0,0.0,0.0,0.0,False
2005-03-01,0,43.61000061035156,35.13999938964844,53.22,5021.35009765625,6492.81982421875,-0.7,10.36,5.1,8.5,182.1,17.2,3.4,0.15,-0.7,-0.5,0.0,5.1,-0.7,182.1,2012.0,January,FY12,0.0,-0.0428,0.1926,-0.0551,0.0926,43.61000061035156,0.1147824506066319,0.6973352786751486,53.22,31.79791976225854,True,-3.292294500684912,-1.6640205456035615,2.85469394152405,9.888949893557424,True,-1.57896138711585,13.310075269176258,True,True,True,True,True,True,True,True,True,True,True,True,True,True,True,True,True,True,False,True,True,True,True,True,True,True,True,0.0,0.0,0.0,0.0,0.0,False
2005-04-01,0,43.43199920654297,35.13999938964844,50.61,5021.35009765625,6154.43994140625,-0.7,10.36,5.1,8.5,182.1,17.2,3.4,0.15,-0.7,-0.5,0.0,5.1,-0.7,182.1,2012.0,January,FY12,0.0,-0.0428,0.1926,-0.0551,0.0926,43.43199920654297,-0.4081664785997363,-0.5222186020750863,50.61,13.70478544147382,True,-5.211601306882341,-6.124217176917545,3.963519316716871,13.7300336666686,True,3.841083773111176,11.695631613633102,True,True,True,True,True,True,True,True,True,True,True,True,True,True,True,True,True,True,False,True,True,True,True,True,True,True,True,0.0,0.0,0.0,0.0,0.0,False
2005-05-01,0,43.619998931884766,35.13999938964844,49.3,5021.35009765625,6715.10986328125,-0.7,10.36,5.1,8.5,182.1,17.2,3.4,0.15,-0.7,-0.5,0.0,5.1,-0.7,182.1,2012.0,January,FY12,0.0,-0.0428,0.1926,-0.0551,0.0926,43.619998931884766,0.43285993916089,0.1377354377920969,49.3,-1.6556951924995067,True,9.110007201514602,0.0186182021289615,7.773987569629077,26.929882896012916,True,13.199849229344313,16.849622152079647,True,True,True,True,True,True,True,True,True,True,True,True,True,True,True,True,True,True,False,True,True,True,True,True,True,True,True,0.0,0.0,0.0,0.0,0.0,False
2005-06-01,0,43.459999084472656,35.13999938964844,55.36,5021.35009765625,7193.85009765625,-0.7,10.36,5.1,8.5,182.1,17.2,3.4,0.15,-0.7,-0.5,0.0,5.1,-0.7,182.1,2012.0,January,FY12,0.0,-0.0428,0.1926,-0.0551,0.0926,43.459999084472656,-0.3668038774186088,-0.3439613019480259,55.36,4.021044720030065,True,7.129298613456636,10.79700796289773,7.760256520914938,26.882317147984725,True,-0.0475657480281874,22.51407790355541,True,True,True,True,True,True,True,True,True,True,True,True,True,True,True,True,True,True,False,True,True,True,True,True,True,True,True,0.0,0.0,0.0,0.0,0.0,False
2005-07-01,0,43.36000061035156,35.13999938964844,59.77,5021.35009765625,7635.419921875,-0.7,10.36,5.1,8.5,182.1,17.2,3.4,0.15,-0.7,-0.5,0.0,5.1,-0.7,182.1,2012.0,January,FY12,0.0,-0.0428,0.1926,-0.0551,0.0926,43.36000061035156,-0.2300931344400791,-0.1657731569044584,59.77,18.09918988342225,True,6.138157151239687,24.063602774070716,1.513134750016834,5.241652531454377,True,-21.640664616530348,19.684617525150674,True,True,True,True,True,True,True,True,True,True,True,True,True,True,True,True,True,True,False,True,True,True,True,True,True,True,True,0.0,0.0,0.0,0.0,0.0,False
2005-08-01,0,43.97999954223633,35.13999938964844,66.8,5021.35009765625,7805.43017578125,-0.7,10.36,5.1,8.5,182.1,17.2,3.4,0.15,-0.7,-0.5,0.0,5.1,-0.7,182.1,2012.0,January,FY12,0.0,-0.0428,0.1926,-0.0551,0.0926,43.97999954223633,1.4298868153999722,0.825310910515431,66.8,35.49695740365111,True,2.2265999204468256,16.23682016674004,2.592267213667524,8.979877041734317,True,3.7382245102799407,13.701282240391144,True,True,True,True,True,True,True,True,True,True,True,True,True,True,True,True,True,True,False,True,True,True,True,True,True,True,True,0.0,0.0,0.0,0.0,0.0,False
2005-09-01,0,43.93000030517578,35.13999938964844,61.7,5021.35009765625,8634.48046875,-0.7,10.36,5.1,8.5,182.1,17.2,3.4,0.15,-0.7,-0.5,0.0,5.1,-0.7,182.1,2012.0,January,FY12,0.0,-0.0428,0.1926,-0.0551,0.0926,43.93000030517578,-0.1136863064596704,1.0814570423473446,61.7,11.452312138728328,True,10.621455503389598,20.02586030480544,4.200671461060787,14.551552792923742,True,5.571675751189424,9.591027455370812,True,True,True,True,True,True,True,True,True,True,True,True,True,True,True,True,True,True,False,True,True,True,True,True,True,True,True,0.0,0.0,0.0,0.0,0.0,False
2005-10-01,0,45.040000915527344,35.13999938964844,58.47,5021.35009765625,7892.31982421875,-0.7,10.36,5.1,8.5,182.1,17.2,3.4,0.15,-0.7,-0.5,0.0,5.1,-0.7,182.1,2012.0,January,FY12,0.0,-0.0428,0.1926,-0.0551,0.0926,45.040000915527344,2.5267484694753817,3.874539394666665,58.47,-2.175004182700357,True,-8.59531325847902,3.364581188360693,9.633895082448946,33.37279151517907,True,18.821238722255323,18.96807378327904,True,True,True,True,True,True,True,True,True,True,True,True,True,True,True,True,True,True,False,True,True,True,True,True,True,True,True,0.0,0.0,0.0,0.0,0.0,False
2005-11-01,0,45.86000061035156,35.13999938964844,53.25,5021.35009765625,8788.8095703125,-0.7,10.36,5.1,8.5,182.1,17.2,3.4,0.15,-0.7,-0.5,0.0,5.1,-0.7,182.1,2012.0,January,FY12,0.0,-0.0428,0.1926,-0.0551,0.0926,45.86000061035156,1.820603193064163,4.274672777815214,53.25,-20.284431137724543,True,11.35901440971434,12.598657247392795,11.313733450082218,39.191922317667846,True,5.819130802488779,29.038755541923557,True,True,True,True,True,True,True,True,True,True,True,True,True,True,True,True,True,True,False,True,True,True,True,True,True,True,True,0.0,0.0,0.0,0.0,0.0,False
2005-12-01,0,44.970001220703125,35.13999938964844,58.34,5021.35009765625,9397.9296875,-0.7,10.36,5.1,8.5,182.1,17.2,3.4,0.15,-0.7,-0.5,0.0,5.1,-0.7,182.1,2012.0,January,FY12,0.0,-0.0428,0.1926,-0.0551,0.0926,44.970001220703125,-1.940687696911081,2.3674047537049825,58.34,-5.445705024311187,True,6.930632781543378,8.841866300040667,10.478873643129434,36.29988311198912,True,-2.892039205678728,36.28819898161201,True,True,True,True,True,True,True,True,True,True,True,True,True,True,True,True,True,True,False,True,True,True,True,True,True,True,True,0.0,0.0,0.0,0.0,0.0,False
2006-01-01,0,43.900001525878906,35.13999938964844,63.19,5021.35009765625,9919.8896484375,-0.7,10.36,5.1,8.5,182.1,17.2,3.4,0.15,-0.7,-0.5,0.0,5.1,-0.7,182.1,2012.0,January,FY12,0.0,-0.0428,0.1926,-0.0551,0.0926,43.900001525878906,-2.3793632772498463,-2.531082074768398,63.19,8.072515820078664,True,5.553988785761499,25.690416371582536,3.03326103477741,10.50752444970684,True,-25.792358662282275,28.666443293121272,True,True,True,True,True,True,True,True,True,True,True,True,True,True,True,True,True,True,False,True,True,True,True,True,True,True,True,0.0,0.0,0.0,0.0,0.0,False
2006-02-01,0,44.25,35.13999938964844,59.78,5021.35009765625,10370.240234375,-0.7,10.36,5.1,8.5,182.1,17.2,3.4,0.15,-0.7,-0.5,0.0,5.1,-0.7,182.1,2012.0,January,FY12,0.0,-0.0428,0.1926,-0.0551,0.0926,44.25,0.7972630112889068,-3.510685976720529,59.78,12.262910798122071,True,4.539874957262602,17.99368448492016,1.1999512853052827,4.156753185512654,True,-6.3507712641941865,16.988053582402873,True,True,True,True,True,True,True,True,True,True,True,True,True,True,True,True,True,True,False,True,True,True,True,True,True,True,True,0.0,0.0,0.0,0.0,0.0,False
2006-03-01,0,44.52799987792969,35.13999938964844,66.06,5021.35009765625,11279.9599609375,-0.7,10.36,5.1,8.5,182.1,17.2,3.4,0.15,-0.7,-0.5,0.0,5.1,-0.7,182.1,2012.0,January,FY12,0.0,-0.0428,0.1926,-0.0551,0.0926,44.52799987792969,0.6282483117055149,-0.9828804331229346,66.06,13.232773397326024,True,8.772407446714547,20.02600930224827,2.209863374682918,7.655191285472864,True,3.49843809996021,7.439822973564122,True,True,True,True,True,True,True,True,True,True,True,True,True,True,True,True,True,True,False,True,True,True,True,True,True,True,True,0.0,0.0,0.0,0.0,0.0,False
2006-04-01,0,44.80500030517578,35.13999938964844,72.15,5021.35009765625,11851.9296875,-0.7,10.36,5.1,8.5,182.1,17.2,3.4,0.15,-0.7,-0.5,0.0,5.1,-0.7,182.1,2012.0,January,FY12,0.0,-0.0428,0.1926,-0.0551,0.0926,44.80500030517578,0.6220814498865135,2.061500564557805,72.15,14.179458775122654,True,5.070671602942123,19.476426729876174,2.305750948187326,7.987355583721126,True,0.3321642982482613,6.599766684902217,True,True,True,True,True,True,True,True,True,True,True,True,True,True,True,True,True,True,False,True,True,True,True,True,True,True,True,0.0,0.0,0.0,0.0,0.0,False
2006-05-01,0,46.15999984741211,35.13999938964844,67.57,5021.35009765625,10398.6103515625,-0.7,10.36,5.1,8.5,182.1,17.2,3.4,0.15,-0.7,-0.5,0.0,5.1,-0.7,182.1,2012.0,January,FY12,0.0,-0.0428,0.1926,-0.0551,0.0926,46.15999984741211,3.0242150050377337,4.316383835959559,67.57,13.031114084978237,True,-12.26230136574542,0.2735724201784695,11.229379435327251,38.89971143891182,True,30.912355855190697,18.18075276936861,True,True,True,True,True,True,True,True,True,True,True,True,True,True,True,True,True,True,False,True,True,True,True,True,True,True,True,0.0,0.0,0.0,0.0,0.0,False
2006-06-01,0,45.80500030517578,35.13999938964844,73.2,5021.35009765625,10609.25,-0.7,10.36,5.1,8.5,182.1,17.2,3.4,0.15,-0.7,-0.5,0.0,5.1,-0.7,182.1,2012.0,January,FY12,0.0,-0.0428,0.1926,-0.0551,0.0926,45.80500030517578,-0.7690631356365385,2.8678593935207,73.2,10.808356039963662,True,2.0256519026684128,-5.946031397807872,9.254275638037855,32.057751184656915,True,-6.841960254254907,26.31493940242996,True,True,True,True,True,True,True,True,True,True,True,True,True,True,True,True,True,True,False,True,True,True,True,True,True,True,True,0.0,0.0,0.0,0.0,0.0,False
2006-07-01,0,46.41999816894531,35.13999938964844,74.75,5021.35009765625,10743.8798828125,-0.7,10.36,5.1,8.5,182.1,17.2,3.4,0.15,-0.7,-0.5,0.0,5.1,-0.7,182.1,2012.0,January,FY12,0.0,-0.0428,0.1926,-0.0551,0.0926,46.41999816894531,1.3426435098179423,3.604503633008505,74.75,3.603603603603589,True,1.2689858643400775,-9.349108827874153,8.039629823536778,27.85009465682341,True,-4.207656527833503,32.93585242679739,True,True,True,True,True,True,True,True,True,True,True,True,True,True,True,True,True,True,False,True,True,True,True,True,True,True,True,0.0,0.0,0.0,0.0,0.0,False
2006-08-01,0,46.47600173950195,35.13999938964844,67.66,5021.35009765625,11699.0498046875,-0.7,10.36,5.1,8.5,182.1,17.2,3.4,0.15,-0.7,-0.5,0.0,5.1,-0.7,182.1,2012.0,January,FY12,0.0,-0.0428,0.1926,-0.0551,0.0926,46.47600173950195,0.1206453527913042,0.6845794911924274,67.66,0.1331952049726359,True,8.890363000083724,12.505896549240305,4.198852847103451,14.545252929376822,True,-13.30484172744659,24.81769959028572,True,True,True,True,True,True,True,True,True,True,True,True,True,True,True,True,True,True,False,True,True,True,True,True,True,True,True,0.0,0.0,0.0,0.0,0.0,False
2006-09-01,0,45.71500015258789,35.13999938964844,59.09,5021.35009765625,12454.419921875,-0.7,10.36,5.1,8.5,182.1,17.2,3.4,0.15,-0.7,-0.5,0.0,5.1,-0.7,182.1,2012.0,January,FY12,0.0,-0.0428,0.1926,-0.0551,0.0926,45.71500015258789,-1.6374076048526698,-0.1964854316958031,59.09,-19.275956284153008,True,6.456679215818384,17.392086357423953,3.892736152459785,13.484833593041069,True,-1.0604193363357552,18.6267270597471,True,True,True,True,True,True,True,True,True,True,True,True,True,True,True,True,True,True,False,True,True,True,True,True,True,True,True,0.0,0.0,0.0,0.0,0.0,False
2006-10-01,0,44.834999084472656,35.13999938964844,56.13,5021.35009765625,12961.900390625,-0.7,10.36,5.1,8.5,182.1,17.2,3.4,0.15,-0.7,-0.5,0.0,5.1,-0.7,182.1,2012.0,January,FY12,0.0,-0.0428,0.1926,-0.0551,0.0926,44.834999084472656,-1.9249722523853483,-3.41447468115802,56.13,-24.909698996655514,True,4.074701767993694,20.644502097987647,2.4078768803656487,8.341130190327501,True,-5.143703402713566,12.123738904248464,True,True,True,True,True,True,True,True,True,True,True,True,True,True,True,True,True,True,False,True,True,True,True,True,True,True,True,0.0,0.0,0.0,0.0,0.0,False
2006-11-01,0,44.55099868774414,35.13999938964844,64.36,5021.35009765625,13696.3095703125,-0.7,10.36,5.1,8.5,182.1,17.2,3.4,0.15,-0.7,-0.5,0.0,5.1,-0.7,182.1,2012.0,January,FY12,0.0,-0.0428,0.1926,-0.0551,0.0926,44.55099868774414,-0.6334345991474977,-4.141929124083132,64.36,-4.877327815548327,True,5.665906676915045,17.071982759016468,1.2131962490603474,4.202635085849015,True,-4.138495104478486,8.67619962307253,True,True,True,True,True,True,True,True,True,True,True,True,True,True,True,True,True,True,False,True,True,True,True,True,True,True,True,0.0,0.0,0.0,0.0,0.0,False
2006-12-01,0,44.040000915527344,35.13999938964844,58.96,5021.35009765625,13786.91015625,-0.7,10.36,5.1,8.5,182.1,17.2,3.4,0.15,-0.7,-0.5,0.0,5.1,-0.7,182.1,2012.0,January,FY12,0.0,-0.0428,0.1926,-0.0551,0.0926,44.040000915527344,-1.1469951006000012,-3.6640035687842576,58.96,-0.2200033846674554,True,0.6614963357274073,10.69893453676316,2.5568870151029803,8.857316438742986,True,4.654681352893971,7.13369390497317,True,True,True,True,True,True,True,True,True,True,True,True,True,True,True,True,True,True,False,True,True,True,True,True,True,True,True,0.0,0.0,0.0,0.0,0.0,False
2007-01-01,0,44.005001068115234,35.13999938964844,56.52,5021.35009765625,14090.919921875,-0.7,10.36,5.1,8.5,182.1,17.2,3.4,0.15,-0.7,-0.5,0.0,5.1,-0.7,182.1,2012.0,January,FY12,0.0,-0.0428,0.1926,-0.0551,0.0926,44.005001068115234,-0.0794728580483905,-1.851227909681985,56.52,0.6948156066274747,True,2.2050609032741475,8.710293222640297,2.562686347894194,8.877405916831751,True,0.0200894780887654,7.312452480474587,True,True,True,True,True,True,True,True,True,True,True,True,True,True,True,True,True,True,False,True,True,True,True,True,True,True,True,0.0,0.0,0.0,0.0,0.0,False
2007-02-01,0,44.01599884033203,35.13999938964844,59.39,5021.35009765625,12938.08984375,-0.7,10.36,5.1,8.5,182.1,17.2,3.4,0.15,-0.7,-0.5,0.0,5.1,-0.7,182.1,2012.0,January,FY12,0.0,-0.0428,0.1926,-0.0551,0.0926,44.01599884033203,0.0249920962387184,-1.200870604858706,59.39,-7.722187694220006,True,-8.181368459381599,-5.535941800015842,5.604414394983678,19.41426095756424,True,10.536855040732489,12.382994437712997,True,True,True,True,True,True,True,True,True,True,True,True,True,True,True,True,True,True,False,True,True,True,True,True,True,True,True,0.0,0.0,0.0,0.0,0.0,False
2007-03-01,0,43.04499816894531,35.13999938964844,68.47,5021.35009765625,13072.099609375,-0.7,10.36,5.1,8.5,182.1,17.2,3.4,0.15,-0.7,-0.5,0.0,5.1,-0.7,182.1,2012.0,January,FY12,0.0,-0.0428,0.1926,-0.0551,0.0926,43.04499816894531,-2.206017577629038,-2.259315908032189,68.47,16.129579375848024,True,1.0357770524351162,-5.184704468034496,5.689184344222429,19.707912675637346,True,0.2936517180731037,15.999859850011113,True,True,True,True,True,True,True,True,True,True,True,True,True,True,True,True,True,True,False,True,True,True,True,True,True,True,True,0.0,0.0,0.0,0.0,0.0,False
2007-04-01,0,40.96900177001953,35.13999938964844,67.23,5021.35009765625,13872.3701171875,-0.7,10.36,5.1,8.5,182.1,17.2,3.4,0.15,-0.7,-0.5,0.0,5.1,-0.7,182.1,2012.0,January,FY12,0.0,-0.0428,0.1926,-0.0551,0.0926,40.96900177001953,-4.822851637204861,-6.899214235664464,67.23,18.94904458598725,True,6.121973758818089,-1.5509974217383538,7.250411102516391,25.11616081063973,True,5.408248135002392,21.412778147947108,True,True,True,True,True,True,True,True,True,True,True,True,True,True,True,True,True,True,False,True,True,True,True,True,True,True,True,0.0,0.0,0.0,0.0,0.0,False
2007-05-01,0,40.54600143432617,35.13999938964844,68.18,5021.35009765625,14544.4599609375,-0.7,10.36,5.1,8.5,182.1,17.2,3.4,0.15,-0.7,-0.5,0.0,5.1,-0.7,182.1,2012.0,January,FY12,0.0,-0.0428,0.1926,-0.0551,0.0926,40.54600143432617,-1.0324887534919225,-7.883491224618733,68.18,14.800471459841734,True,4.844809056221022,12.415821319740528,2.646043317214282,9.166162928886456,True,-15.949997881753278,17.99674547172118,True,True,True,True,True,True,True,True,True,True,True,True,True,True,True,True,True,True,False,True,True,True,True,True,True,True,True,0.0,0.0,0.0,0.0,0.0,False
2007-06-01,0,40.52999877929688,35.13999938964844,72.22,5021.35009765625,14650.509765625,-0.7,10.36,5.1,8.5,182.1,17.2,3.4,0.15,-0.7,-0.5,0.0,5.1,-0.7,182.1,2012.0,January,FY12,0.0,-0.0428,0.1926,-0.0551,0.0926,40.52999877929688,-0.0394678993321129,-5.842721562624842,72.22,5.476851175697384,True,0.7291422642870193,12.074649087878718,2.8181700430182954,9.762427397752512,True,0.5962644688660568,14.681583712426235,True,True,True,True,True,True,True,True,True,True,True,True,True,True,True,True,True,True,False,True,True,True,True,True,True,True,True,0.0,0.0,0.0,0.0,0.0,False
2007-07-01,0,40.39799880981445,35.13999938964844,77.01,5021.35009765625,15550.990234375,-0.7,10.36,5.1,8.5,182.1,17.2,3.4,0.15,-0.7,-0.5,0.0,5.1,-0.7,182.1,2012.0,January,FY12,0.0,-0.0428,0.1926,-0.0551,0.0926,40.39799880981445,-0.3256846125291535,-1.393743893030186,77.01,14.547077197679602,True,6.146410487796317,12.100456540643536,2.827828213616438,9.795884282120817,True,0.0334568843683023,9.574824869586598,True,True,True,True,True,True,True,True,True,True,True,True,True,True,True,True,True,True,False,True,True,True,True,True,True,True,True,0.0,0.0,0.0,0.0,0.0,False
2007-08-01,0,40.57500076293945,35.13999938964844,72.69000244140625,5021.35009765625,15318.599609375,-0.7,10.36,5.1,8.5,182.1,17.2,3.4,0.15,-0.7,-0.5,0.0,5.1,-0.7,182.1,2012.0,January,FY12,0.0,-0.0428,0.1926,-0.0551,0.0926,40.57500076293945,0.4381453496206333,0.0715220430804963,72.69000244140625,6.614846643306316,True,-1.494378309660993,5.322574028301008,3.930065567637154,13.614146480449142,True,3.818262198328327,11.057486053440826,True,True,True,True,True,True,True,True,True,True,True,True,True,True,True,True,True,True,False,True,True,True,True,True,True,True,True,0.0,0.0,0.0,0.0,0.0,False
2007-09-01,0,39.57500076293945,35.13999938964844,79.16999816894531,5021.35009765625,17291.099609375,-0.7,10.36,5.1,8.5,182.1,17.2,3.4,0.15,-0.7,-0.5,0.0,5.1,-0.7,182.1,2012.0,January,FY12,0.0,-0.0428,0.1926,-0.0551,0.0926,39.57500076293945,-2.464571734311305,-2.3562744759944243,79.16999816894531,9.623370491477855,False,-1.494378309660993,4.560181552982967,3.930065567637154,13.614146480449142,True,3.818262198328327,11.057486053440826,True,True,True,True,True,True,True,True,True,True,True,True,True,True,True,True,True,True,False,True,True,True,True,True,True,True,True,0.0,0.0,0.0,0.0,0.0,False
2007-10-01,0,39.17399978637695,35.13999938964844,90.62999725341795,5900.64990234375,19837.990234375,-0.7,10.36,5.1,8.5,182.1,17.2,3.4,0.15,-0.7,-0.5,0.0,5.1,-0.7,182.1,2012.0,January,FY12,0.0,-0.0428,0.1926,-0.0551,0.0926,39.17399978637695,-1.0132683988171245,-3.0298506349283216,90.62999725341795,17.686011236745824,False,17.511222830248773,15.755160604856156,3.930065567637154,13.614146480449142,True,3.818262198328327,11.057486053440826,True,True,True,True,True,True,True,True,True,True,True,True,True,True,True,True,True,True,False,True,True,True,True,True,True,True,True,0.0,0.0,0.0,0.0,0.0,False
2007-11-01,0,39.45500183105469,35.13999938964844,88.26000213623047,5762.75,19363.189453125,-0.7,10.36,5.1,8.5,182.1,17.2,3.4,0.15,-0.7,-0.5,0.0,5.1,-0.7,182.1,2012.0,January,FY12,0.0,-0.0428,0.1926,-0.0551,0.0926,39.45500183105469,0.7173177265790809,-2.760317709982041,88.26000213623047,21.419726471153776,False,-2.337029049782735,14.764951415950978,3.930065567637154,13.614146480449142,True,3.818262198328327,11.057486053440826,True,True,True,True,True,True,True,True,True,True,True,True,True,True,True,True,True,True,False,True,True,True,True,True,True,True,True,0.0,0.0,0.0,0.0,0.0,False
2007-12-01,0,39.244998931884766,35.13999938964844,93.8499984741211,6138.60009765625,20286.990234375,-0.7,10.36,5.1,8.5,182.1,17.2,3.4,0.15,-0.7,-0.5,0.0,5.1,-0.7,182.1,2012.0,January,FY12,0.0,-0.0428,0.1926,-0.0551,0.0926,39.244998931884766,-0.5322592559218409,-0.8338643706703897,93.8499984741211,18.542377977386472,False,6.522061475098684,22.249992099166427,9.943157235931505,34.444107040558976,True,3.818262198328327,11.057486053440826,True,True,True,True,True,True,True,True,True,True,True,True,True,True,True,True,True,True,False,True,True,True,True,True,True,True,True,0.0,0.0,0.0,0.0,0.0,False
2008-01-01,0,39.31399917602539,35.13999938964844,92.20999908447266,5137.4501953125,17648.7109375,-0.7,10.36,5.1,8.5,182.1,17.2,3.4,0.15,-0.7,-0.5,0.0,5.1,-0.7,182.1,2012.0,January,FY12,0.0,-0.0428,0.1926,-0.0551,0.0926,39.31399917602539,0.175819202493499,0.3573783387243567,92.20999908447266,1.7433541641149075,False,-16.30909142828826,-12.934163518633856,11.510600584785076,39.87389007695956,True,5.429783036400586,11.057486053440826,True,True,True,True,True,True,True,True,True,True,True,True,True,True,True,True,True,True,False,True,True,True,True,True,True,True,True,0.0,0.0,0.0,0.0,0.0,False
2008-02-01,0,39.90999984741211,35.13999938964844,100.0999984741211,5223.5,17578.720703125,-0.7,10.36,5.1,8.5,182.1,17.2,3.4,0.15,-0.7,-0.5,0.0,5.1,-0.7,182.1,2012.0,January,FY12,0.0,-0.0428,0.1926,-0.0551,0.0926,39.90999984741211,1.5160011290588082,1.1532074394666303,100.0999984741211,13.41490601780797,False,1.674951608601738,-9.357511604702616,12.02900536833392,41.66969692494625,True,1.7958068479866895,38.6625646808216,True,True,True,True,True,True,True,True,True,True,True,True,True,True,True,True,True,True,False,True,True,True,True,True,True,True,True,0.0,0.0,0.0,0.0,0.0,False
2008-03-01,0,39.88899993896485,35.13999938964844,100.3000030517578,4734.5,15644.4404296875,-0.7,10.36,5.1,8.5,182.1,17.2,3.4,0.15,-0.7,-0.5,0.0,5.1,-0.7,182.1,2012.0,January,FY12,0.0,-0.0428,0.1926,-0.0551,0.0926,39.88899993896485,-0.0526181621838039,1.64097598320192,100.3000030517578,6.872674142254032,False,-9.36153919785584,-22.87329481183085,9.06916401208256,35.13999938964844,False,-6.529697535297814,38.89452879718476,True,True,True,True,True,True,True,True,True,True,True,True,True,True,True,True,True,True,False,True,True,True,True,True,True,True,True,0.0,0.0,0.0,0.0,0.0,False
2008-04-01,0,40.38600158691406,26.15999984741211,111.36000061035156,5165.89990234375,17287.310546875,-0.7,10.36,5.1,8.5,182.1,17.2,3.4,0.15,-0.7,-0.5,0.0,5.1,-0.7,182.1,2012.0,January,FY12,0.0,-0.0428,0.1926,-0.0551,0.0926,40.38600158691406,1.2459616653957006,2.726770192187433,111.36000061035156,20.76781446265472,False,9.11183656867145,0.5537709554285897,9.294953823102542,26.15999984741211,False,-8.979999542236328,34.32323205400227,True,True,True,True,True,True,True,True,True,True,True,True,True,True,True,True,True,True,False,True,True,True,True,True,True,True,True,0.0,0.0,0.0,0.0,0.0,False
2008-05-01,0,42.084999084472656,26.68000030517578,127.77999877929688,4870.10009765625,16415.5703125,-0.7,10.36,5.1,8.5,182.1,17.2,3.4,0.15,-0.7,-0.5,0.0,5.1,-0.7,182.1,2012.0,January,FY12,0.0,-0.0428,0.1926,-0.0551,0.0926,42.084999084472656,4.2068970207466805,5.449760073606158,127.77999877929688,27.6523483787384,False,-5.7260072839060765,-6.765576765458969,9.78642184101811,26.68000030517578,False,0.5200004577636719,29.32666651407878,True,True,True,True,True,True,True,True,True,True,True,True,True,True,True,True,True,True,False,True,True,True,True,True,True,True,True,0.0,0.0,0.0,0.0,0.0,False
2008-06-01,0,42.85200119018555,30.959999084472656,138.4,4040.550048828125,13461.599609375,-0.7,10.36,5.1,8.5,182.1,17.2,3.4,0.15,-0.7,-0.5,0.0,5.1,-0.7,182.1,2012.0,January,FY12,0.0,-0.0428,0.1926,-0.0551,0.0926,42.85200119018555,1.822507122248873,7.428116161734977,138.4,37.9860376759724,False,-17.033531800041413,-14.657301746158502,13.11234792102572,30.959999084472656,False,4.279998779296875,27.933333079020187,True,True,True,True,True,True,True,True,True,True,True,True,True,True,True,True,True,True,False,True,True,True,True,True,True,True,True,0.0,0.0,0.0,0.0,0.0,False
2008-07-01,0,42.43399810791016,39.060001373291016,123.9800033569336,4332.9501953125,14355.75,-0.7,10.36,5.1,8.5,182.1,17.2,3.4,0.15,-0.7,-0.5,0.0,5.1,-0.7,182.1,2012.0,January,FY12,0.0,-0.0428,0.1926,-0.0551,0.0926,42.43399810791016,-0.9754575531261912,5.071055416537429,123.9800033569336,11.332617346815033,False,7.236642114337366,-16.12400013119386,12.144489367191571,39.060001373291016,False,8.10000228881836,32.23333358764649,True,True,True,True,True,True,True,True,True,True,True,True,True,True,True,True,True,True,False,True,True,True,True,True,True,True,True,0.0,0.0,0.0,0.0,0.0,False
2008-08-01,0,43.625,31.670000076293945,114.0500030517578,4360.0,14564.5302734375,-0.7,10.36,5.1,8.5,182.1,17.2,3.4,0.15,-0.7,-0.5,0.0,5.1,-0.7,182.1,2012.0,January,FY12,0.0,-0.0428,0.1926,-0.0551,0.0926,43.625,2.806716183238533,3.659263274394431,114.0500030517578,-10.745027280250383,False,0.6242814587798184,-10.474119369779222,12.546998474779803,31.670000076293945,False,-7.39000129699707,33.896666844685875,True,True,True,True,True,True,True,True,True,True,True,True,True,True,True,True,True,True,False,True,True,True,True,True,True,True,True,0.0,0.0,0.0,0.0,0.0,False
2008-09-01,0,46.60100173950195,37.18999862670898,98.16999816894533,3921.199951171875,12860.4296875,-0.7,10.36,5.1,8.5,182.1,17.2,3.4,0.15,-0.7,-0.5,0.0,5.1,-0.7,182.1,2012.0,January,FY12,0.0,-0.0428,0.1926,-0.0551,0.0926,46.60100173950195,6.8217804916950175,8.748717551550534,98.16999816894533,-29.067920398160908,False,-10.06422130339736,-2.953808174975192,8.730094307769974,37.18999862670898,False,5.519998550415039,35.973333358764656,True,True,True,True,True,True,True,True,True,True,True,True,True,True,True,True,True,True,False,True,True,True,True,True,True,True,True,0.0,0.0,0.0,0.0,0.0,False
2008-10-01,1,49.40299987792969,68.3499984741211,65.31999969482422,2885.60009765625,9788.0595703125,-0.7,10.36,5.1,8.5,182.1,17.2,3.4,0.15,-0.7,-0.5,0.0,5.1,-0.7,182.1,2012.0,January,FY12,0.0,-0.0428,0.1926,-0.0551,0.0926,49.40299987792969,6.012742288440087,16.423156150163543,65.31999969482422,-47.31408458929423,False,-26.41027915972838,-33.4033402743016,13.615586451902498,68.3499984741211,False,31.15999984741211,45.73666572570801,True,True,True,True,True,True,True,True,True,True,True,True,True,True,True,True,True,True,False,True,True,True,True,True,True,True,True,0.0,0.0,0.0,0.0,0.0,False
2008-11-01,1,49.56800079345703,57.43999862670898,53.4900016784668,2755.10009765625,9092.7197265625,-0.7,10.36,5.1,8.5,182.1,17.2,3.4,0.15,-0.7,-0.5,0.0,5.1,-0.7,182.1,2012.0,January,FY12,0.0,-0.0428,0.1926,-0.0551,0.0926,49.56800079345703,0.3339896685121246,13.62292445491584,53.4900016784668,-53.09951753864299,False,-4.522456181852608,-36.8096307877007,11.379671662045132,57.43999862670898,False,-10.90999984741211,54.32666524251302,True,True,True,True,True,True,True,True,True,True,True,True,True,True,True,True,True,True,False,True,True,True,True,True,True,True,True,0.0,0.0,0.0,0.0,0.0,False
2008-12-01,1,48.06499862670898,43.09000015258789,45.59000015258789,2959.14990234375,9647.3095703125,-0.7,10.36,5.1,8.5,182.1,17.2,3.4,0.15,-0.7,-0.5,0.0,5.1,-0.7,182.1,2012.0,January,FY12,0.0,-0.0428,0.1926,-0.0551,0.0926,48.06499862670898,-3.0322025151081844,3.141556688825542,45.59000015258789,-53.56014973726501,False,7.406257393736215,-24.53458280138484,17.150943349910676,43.09000015258789,False,-14.349998474121094,56.29333241780599,True,True,True,True,True,True,True,True,True,True,True,True,True,True,True,True,True,True,False,True,True,True,True,True,True,True,True,0.0,0.0,0.0,0.0,0.0,False
2009-01-01,1,48.733001708984375,42.09999847412109,45.880001068115234,2874.800048828125,9424.240234375,-0.7,10.36,5.1,8.5,182.1,17.2,3.4,0.15,-0.7,-0.5,0.0,5.1,-0.7,182.1,2012.0,January,FY12,0.0,-0.0428,0.1926,-0.0551,0.0926,48.733001708984375,1.3897911190289491,-1.3561892407360163,45.880001068115234,-29.76117378679253,False,-2.850475856218604,-0.3742739278702167,6.4587189485541305,42.09999847412109,False,-0.9900016784667968,47.54333241780599,True,True,True,True,True,True,True,True,True,True,True,True,True,True,True,True,True,True,False,True,True,True,True,True,True,True,True,0.0,0.0,0.0,0.0,0.0,False
2009-02-01,1,50.89300155639648,40.61000061035156,44.41,2763.64990234375,8891.6103515625,-0.7,10.36,5.1,8.5,182.1,17.2,3.4,0.15,-0.7,-0.5,0.0,5.1,-0.7,182.1,2012.0,January,FY12,0.0,-0.0428,0.1926,-0.0551,0.0926,50.89300155639648,4.432314389970959,2.673097041901173,44.41,-16.975138144596635,False,-3.8663609502053498,0.3103264630847091,6.235710649331011,40.61000061035156,False,-1.4899978637695312,41.93333307902019,True,True,True,True,True,True,True,True,True,True,True,True,True,True,True,True,True,True,False,True,True,True,True,True,True,True,True,0.0,0.0,0.0,0.0,0.0,False
2009-03-01,1,50.78400039672852,39.47999954223633,46.13,3020.949951171875,9708.5,-0.7,10.36,5.1,8.5,182.1,17.2,3.4,0.15,-0.7,-0.5,0.0,5.1,-0.7,182.1,2012.0,January,FY12,0.0,-0.0428,0.1926,-0.0551,0.0926,50.78400039672852,-0.2141771094934963,5.656926761064396,46.13,1.184469939909527,False,9.310153525955588,2.088439277076759,7.331819501725128,39.47999954223633,False,-1.1300010681152344,40.729999542236335,True,True,True,True,True,True,True,True,True,True,True,True,True,True,True,True,True,True,False,True,True,True,True,True,True,True,True,0.0,0.0,0.0,0.0,0.0,False
2009-04-01,0,49.1879997253418,46.630001068115234,51.959999084472656,3473.949951171875,11403.25,-0.7,10.36,5.1,8.5,182.1,17.2,3.4,0.15,-0.7,-0.5,0.0,5.1,-0.7,182.1,2012.0,January,FY12,0.0,-0.0428,0.1926,-0.0551,0.0926,49.1879997253418,-3.142723414694859,0.9336548137841127,51.959999084472656,13.251957006999238,False,14.995283183168072,20.84144608902403,9.675595178711363,46.630001068115234,False,7.150001525878906,42.240000406901046,True,True,True,True,True,True,True,True,True,True,True,True,True,True,True,True,True,True,False,True,True,True,True,True,True,True,True,0.0,0.0,0.0,0.0,0.0,False
2009-05-01,0,47.11299896240234,40.29999923706055,65.5199966430664,4448.9501953125,14625.25,-0.7,10.36,5.1,8.5,182.1,17.2,3.4,0.15,-0.7,-0.5,0.0,5.1,-0.7,182.1,2012.0,January,FY12,0.0,-0.0428,0.1926,-0.0551,0.0926,47.11299896240234,-4.21851015395206,-7.427352442172963,65.5199966430664,47.53433155385367,False,28.06604176354717,60.98096186277103,9.61724815688715,40.29999923706055,False,-6.330001831054688,42.13666661580404,True,True,True,True,True,True,True,True,True,True,True,True,True,True,True,True,True,True,False,True,True,True,True,True,True,True,True,0.0,0.0,0.0,0.0,0.0,False
2009-06-01,0,47.80099868774414,42.540000915527344,69.30000305175781,4291.10009765625,14493.83984375,-0.7,10.36,5.1,8.5,182.1,17.2,3.4,0.15,-0.7,-0.5,0.0,5.1,-0.7,182.1,2012.0,January,FY12,0.0,-0.0428,0.1926,-0.0551,0.0926,47.80099868774414,1.4603182571562456,-5.873900609800209,69.30000305175781,50.227624217987874,False,-3.548030225705024,42.04472655999025,15.88578373781553,42.540000915527344,False,2.240001678466797,43.15666707356771,True,True,True,True,True,True,True,True,True,True,True,True,True,True,True,True,True,True,False,True,True,True,True,True,True,True,True,0.0,0.0,0.0,0.0,0.0,False
2009-07-01,0,47.6259994506836,39.209999084472656,71.69999694824219,4636.4501953125,15670.3095703125,-0.7,10.36,5.1,8.5,182.1,17.2,3.4,0.15,-0.7,-0.5,0.0,5.1,-0.7,182.1,2012.0,January,FY12,0.0,-0.0428,0.1926,-0.0551,0.0926,47.6259994506836,-0.366099541567555,-3.175571853663839,71.69999694824219,37.99075868280468,False,8.048055039426295,33.46335613581526,15.99290745770811,39.209999084472656,False,-3.3300018310546875,40.68333307902019,True,True,True,True,True,True,True,True,True,True,True,True,True,True,True,True,True,True,False,True,True,True,True,True,True,True,True,0.0,0.0,0.0,0.0,0.0,False
2009-08-01,0,48.75,34.5099983215332,69.6500015258789,4662.10009765625,15666.6396484375,-0.7,10.36,5.1,8.5,182.1,17.2,3.4,0.15,-0.7,-0.5,0.0,5.1,-0.7,182.1,2012.0,January,FY12,0.0,-0.0428,0.1926,-0.0551,0.0926,48.75,2.3600566125238087,3.474627117038409,69.6500015258789,6.303426578776472,False,0.5532228593694954,4.7910157000258025,5.880220797317674,34.5099983215332,False,-4.700000762939453,38.753332773844406,True,True,True,True,True,True,True,True,True,True,True,True,True,True,True,True,True,True,False,True,True,True,True,True,True,True,True,0.0,0.0,0.0,0.0,0.0,False
2009-09-01,0,47.810001373291016,25.270000457763672,69.06999969482422,5083.9501953125,17126.83984375,-0.7,10.36,5.1,8.5,182.1,17.2,3.4,0.15,-0.7,-0.5,0.0,5.1,-0.7,182.1,2012.0,January,FY12,0.0,-0.0428,0.1926,-0.0551,0.0926,47.810001373291016,-1.928202311197913,0.018833676688823,69.06999969482422,-0.3318951613347165,False,9.048499363373264,18.476616243216924,4.642971769818889,25.270000457763672,False,-9.239997863769531,32.99666595458985,True,True,True,True,True,True,True,True,True,True,True,True,True,True,True,True,True,True,False,True,True,True,True,True,True,True,True,0.0,0.0,0.0,0.0,0.0,False
2009-10-01,0,46.917999267578125,25.38999938964844,75.19999694824219,4711.7001953125,15896.2802734375,-0.7,10.36,5.1,8.5,182.1,17.2,3.4,0.15,-0.7,-0.5,0.0,5.1,-0.7,182.1,2012.0,January,FY12,0.0,-0.0428,0.1926,-0.0551,0.0926,46.917999267578125,-1.8657228196843456,-1.486583360499549,75.19999694824219,4.881450695913592,False,-7.322062288163678,1.6230089147960314,8.187237301853894,25.38999938964844,False,0.1199989318847656,28.38999938964844,True,True,True,True,True,True,True,True,True,True,True,True,True,True,True,True,True,True,False,True,True,True,True,True,True,True,True,0.0,0.0,0.0,0.0,0.0,False
2009-11-01,0,46.45800018310547,27.559999465942383,77.77,5032.7001953125,16926.220703125,-0.7,10.36,5.1,8.5,182.1,17.2,3.4,0.15,-0.7,-0.5,0.0,5.1,-0.7,182.1,2012.0,January,FY12,0.0,-0.0428,0.1926,-0.0551,0.0926,46.45800018310547,-0.980432012561394,-4.701538085937496,77.77,11.658289011097931,False,6.812827359417972,7.949209366880816,8.876829609019127,27.559999465942383,False,2.1700000762939453,26.073333104451503,True,True,True,True,True,True,True,True,True,True,True,True,True,True,True,True,True,True,False,True,True,True,True,True,True,True,True,0.0,0.0,0.0,0.0,0.0,False
2009-12-01,0,46.400001525878906,23.34000015258789,77.93000030517578,5201.0498046875,17464.810546875,-0.7,10.36,5.1,8.5,182.1,17.2,3.4,0.15,-0.7,-0.5,0.0,5.1,-0.7,182.1,2012.0,January,FY12,0.0,-0.0428,0.1926,-0.0551,0.0926,46.400001525878906,-0.1248410542812217,-2.949173409143224,77.93000030517578,12.827567177498466,False,3.345115004700694,2.3033193653818174,7.366690864082857,23.34000015258789,False,-4.219999313354492,25.42999966939291,True,True,True,True,True,True,True,True,True,True,True,True,True,True,True,True,True,True,False,True,True,True,True,True,True,True,True,0.0,0.0,0.0,0.0,0.0,False
2010-01-01,0,46.09799957275391,26.1299991607666,71.45999908447266,4882.0498046875,16357.9599609375,-0.7,10.36,5.1,8.5,182.1,17.2,3.4,0.15,-0.7,-0.5,0.0,5.1,-0.7,182.1,2012.0,January,FY12,0.0,-0.0428,0.1926,-0.0551,0.0926,46.09799957275391,-0.6508662568826873,-1.7477294591094483,71.45999908447266,-4.973401616417162,False,-6.133377144600649,3.6154594374335103,6.701629819918163,26.1299991607666,False,2.789999008178711,25.67666625976563,True,True,True,True,True,True,True,True,True,True,True,True,True,True,True,True,True,True,False,True,True,True,True,True,True,True,True,0.0,0.0,0.0,0.0,0.0,False
2010-02-01,0,46.06800079345703,24.020000457763672,77.58999633789062,4922.2998046875,16429.55078125,-0.7,10.36,5.1,8.5,182.1,17.2,3.4,0.15,-0.7,-0.5,0.0,5.1,-0.7,182.1,2012.0,January,FY12,0.0,-0.0428,0.1926,-0.0551,0.0926,46.06800079345703,-0.0650760978240017,-0.8394665894169484,77.58999633789062,-0.231456425497456,False,0.8244487788992672,-2.193661182675421,4.909292434217495,24.020000457763672,False,-2.1099987030029297,24.49666659037273,True,True,True,True,True,True,True,True,True,True,True,True,True,True,True,True,True,True,False,True,True,True,True,True,True,True,True,0.0,0.0,0.0,0.0,0.0,False
2010-03-01,0,44.79999923706055,19.8700008392334,82.69999694824219,5249.10009765625,17527.76953125,-0.7,10.36,5.1,8.5,182.1,17.2,3.4,0.15,-0.7,-0.5,0.0,5.1,-0.7,182.1,2012.0,January,FY12,0.0,-0.0428,0.1926,-0.0551,0.0926,44.79999923706055,-2.752456226788502,-3.44828068146934,82.69999694824219,6.120873379169756,False,6.639178959752479,0.9238575820874396,6.394797600350631,19.8700008392334,False,-4.149999618530273,23.34000015258789,True,True,True,True,True,True,True,True,True,True,True,True,True,True,True,True,True,True,False,True,True,True,True,True,True,True,True,0.0,0.0,0.0,0.0,0.0,False
2010-04-01,0,44.25,20.350000381469727,87.44000244140625,5278.0,17558.7109375,-0.7,10.36,5.1,8.5,182.1,17.2,3.4,0.15,-0.7,-0.5,0.0,5.1,-0.7,182.1,2012.0,January,FY12,0.0,-0.0428,0.1926,-0.0551,0.0926,44.25,-1.22767688934593,-4.008849819691873,87.44000244140625,22.362165633452747,False,0.5505687033221962,8.110326833051307,3.438926000624596,20.350000381469727,False,0.4799995422363281,21.41333389282227,True,True,True,True,True,True,True,True,True,True,True,True,True,True,True,True,True,True,False,True,True,True,True,True,True,True,True,0.0,0.0,0.0,0.0,0.0,False
2010-05-01,0,46.358001708984375,26.43000030517578,74.0199966430664,5086.2998046875,16944.630859375,-0.7,10.36,5.1,8.5,182.1,17.2,3.4,0.15,-0.7,-0.5,0.0,5.1,-0.7,182.1,2012.0,January,FY12,0.0,-0.0428,0.1926,-0.0551,0.0926,46.358001708984375,4.763845670021194,0.6295061876627761,74.0199966430664,-4.601108214102123,False,-3.6320612980769273,3.33177592806968,5.165009600142216,26.43000030517578,False,6.079999923706055,22.21666717529297,True,True,True,True,True,True,True,True,True,True,True,True,True,True,True,True,True,True,False,True,True,True,True,True,True,True,True,0.0,0.0,0.0,0.0,0.0,False
2010-06-01,0,46.400001525878906,20.06999969482422,75.01000213623047,5312.5,17700.900390625,-0.7,10.36,5.1,8.5,182.1,17.2,3.4,0.15,-0.7,-0.5,0.0,5.1,-0.7,182.1,2012.0,January,FY12,0.0,-0.0428,0.1926,-0.0551,0.0926,46.400001525878906,0.0905988509992017,3.571433741219288,75.01000213623047,-9.29866396104525,False,4.4472446375267705,1.2078242206136736,4.040496286883051,20.06999969482422,False,-6.3600006103515625,22.283333460489917,True,True,True,True,True,True,True,True,True,True,True,True,True,True,True,True,True,True,False,True,True,True,True,True,True,True,True,0.0,0.0,0.0,0.0,0.0,False
2010-07-01,0,46.36000061035156,18.940000534057617,78.18000030517578,5367.60009765625,17868.2890625,-0.7,10.36,5.1,8.5,182.1,17.2,3.4,0.15,-0.7,-0.5,0.0,5.1,-0.7,182.1,2012.0,January,FY12,0.0,-0.0428,0.1926,-0.0551,0.0926,46.36000061035156,-0.0862088668359906,4.768362961246475,78.18000030517578,-10.590121086096282,False,1.0371783088235276,1.6976145823465183,4.055973686508266,18.940000534057617,False,-1.1299991607666016,21.813333511352543,True,True,True,True,True,True,True,True,True,True,True,True,True,True,True,True,True,True,False,True,True,True,True,True,True,True,True,0.0,0.0,0.0,0.0,0.0,False
2010-08-01,0,46.87300109863281,18.46999931335449,75.51,5402.39990234375,17971.119140625,-0.7,10.36,5.1,8.5,182.1,17.2,3.4,0.15,-0.7,-0.5,0.0,5.1,-0.7,182.1,2012.0,January,FY12,0.0,-0.0428,0.1926,-0.0551,0.0926,46.87300109863281,1.10655841571905,1.110918009109585,75.51,2.0129740941742917,False,0.6483308006253186,6.214735855030273,2.0901156702835397,18.46999931335449,False,-0.470001220703125,19.159999847412116,True,True,True,True,True,True,True,True,True,True,True,True,True,True,True,True,True,True,False,True,True,True,True,True,True,True,True,0.0,0.0,0.0,0.0,0.0,False
2010-09-01,0,44.68999862670898,22.25,82.30999755859375,6029.9501953125,20069.119140625,-0.7,10.36,5.1,8.5,182.1,17.2,3.4,0.15,-0.7,-0.5,0.0,5.1,-0.7,182.1,2012.0,January,FY12,0.0,-0.0428,0.1926,-0.0551,0.0926,44.68999862670898,-4.657270541159142,-3.685350954603295,82.30999755859375,9.732029348706453,False,11.616139203180742,13.50494485294118,6.223054410069816,22.25,False,3.780000686645508,19.88666661580404,True,True,True,True,True,True,True,True,True,True,True,True,True,True,True,True,True,True,False,True,True,True,True,True,True,True,True,0.0,0.0,0.0,0.0,0.0,False
2010-10-01,0,44.41999816894531,20.76000022888184,83.1500015258789,6017.7001953125,20032.33984375,-0.7,10.36,5.1,8.5,182.1,17.2,3.4,0.15,-0.7,-0.5,0.0,5.1,-0.7,182.1,2012.0,January,FY12,0.0,-0.0428,0.1926,-0.0551,0.0926,44.41999816894531,-0.604163047797246,-4.184647143798948,83.1500015258789,6.357126120878376,False,-0.2031525900416664,12.111559837330566,6.591832112711932,20.76000022888184,False,-1.489999771118164,20.49333318074545,True,True,True,True,True,True,True,True,True,True,True,True,True,True,True,True,True,True,False,True,True,True,True,True,True,True,True,0.0,0.0,0.0,0.0,0.0,False
2010-11-01,0,45.79999923706055,20.709999084472656,85.91999816894531,5862.7001953125,19521.25,-0.7,10.36,5.1,8.5,182.1,17.2,3.4,0.15,-0.7,-0.5,0.0,5.1,-0.7,182.1,2012.0,January,FY12,0.0,-0.0428,0.1926,-0.0551,0.0926,45.79999923706055,3.1067112224241638,-2.289168255547358,85.91999816894531,13.786251051443932,False,-2.5757348317341777,8.520292856681277,7.601908681484993,20.709999084472656,False,-0.0500011444091796,21.239999771118168,True,True,True,True,True,True,True,True,True,True,True,True,True,True,True,True,True,True,False,True,True,True,True,True,True,True,True,0.0,0.0,0.0,0.0,0.0,False
2010-12-01,0,44.810001373291016,16.559999465942383,94.75,6134.5,20509.08984375,-0.7,10.36,5.1,8.5,182.1,17.2,3.4,0.15,-0.7,-0.5,0.0,5.1,-0.7,182.1,2012.0,January,FY12,0.0,-0.0428,0.1926,-0.0551,0.0926,44.810001373291016,-2.161567424150612,0.2685226007375974,94.75,15.11359836033359,False,4.636085688038705,1.7338419273972503,3.67554369708415,16.559999465942383,False,-4.149999618530273,19.343332926432296,True,True,True,True,True,True,True,True,True,True,True,True,True,True,True,True,True,True,False,True,True,True,True,True,True,True,True,0.0,0.0,0.0,0.0,0.0,False
2011-01-01,0,45.8380012512207,23.40999984741211,101.01000213623048,5505.89990234375,18327.759765625,-0.7,10.36,5.1,8.5,182.1,17.2,3.4,0.15,-0.7,-0.5,0.0,5.1,-0.7,182.1,2012.0,January,FY12,0.0,-0.0428,0.1926,-0.0551,0.0926,45.8380012512207,2.294130431654984,3.1922628111829443,101.01000213623048,21.47925469946379,False,-10.246965484656457,-8.504915106395938,7.442707248808668,23.40999984741211,False,6.850000381469727,20.22666613260905,True,True,True,True,True,True,True,True,True,True,True,True,True,True,True,True,True,True,False,True,True,True,True,True,True,True,True,0.0,0.0,0.0,0.0,0.0,False
2011-02-01,0,45.25,24.399999618530277,111.8000030517578,5333.25,17823.400390625,-0.7,10.36,5.1,8.5,182.1,17.2,3.4,0.15,-0.7,-0.5,0.0,5.1,-0.7,182.1,2012.0,January,FY12,0.0,-0.0428,0.1926,-0.0551,0.0926,45.25,-1.2827811753791218,-1.2008717166429483,111.8000030517578,30.12104915542992,False,-3.135725411031476,-9.030825006808652,7.4439684236459,24.399999618530277,False,0.989999771118164,21.45666631062826,True,True,True,True,True,True,True,True,True,True,True,True,True,True,True,True,True,True,False,True,True,True,True,True,True,True,True,0.0,0.0,0.0,0.0,0.0,False
2011-03-01,0,44.61000061035156,22.18000030517578,117.36000061035156,5833.75,19445.220703125,-0.7,10.36,5.1,8.5,182.1,17.2,3.4,0.15,-0.7,-0.5,0.0,5.1,-0.7,182.1,2012.0,January,FY12,0.0,-0.0428,0.1926,-0.0551,0.0926,44.61000061035156,-1.4143632920407434,-0.4463306333631678,117.36000061035156,23.8627974779436,False,9.384521633150513,-4.902600048903749,9.93916166726935,22.18000030517578,False,-2.219999313354492,23.32999992370606,True,True,True,True,True,True,True,True,True,True,True,True,True,True,True,True,True,True,False,True,True,True,True,True,True,True,True,0.0,0.0,0.0,0.0,0.0,False
2011-04-01,0,44.29999923706055,19.57999992370605,125.88999938964844,5749.5,19135.9609375,-0.7,10.36,5.1,8.5,182.1,17.2,3.4,0.15,-0.7,-0.5,0.0,5.1,-0.7,182.1,2012.0,January,FY12,0.0,-0.0428,0.1926,-0.0551,0.0926,44.29999923706055,-0.6949145237605814,-3.355299036122783,125.88999938964844,24.63122139118732,False,-1.4441825583886847,4.424346645905319,6.793118303812236,19.57999992370605,False,-2.6000003814697266,22.053333282470707,True,True,True,True,True,True,True,True,True,True,True,True,True,True,True,True,True,True,False,True,True,True,True,True,True,True,True,0.0,0.0,0.0,0.0,0.0,False
2011-05-01,0,45.08300018310547,16.81999969482422,117.18,5473.10009765625,18503.279296875,-0.7,10.36,5.1,8.5,182.1,17.2,3.4,0.15,-0.7,-0.5,0.0,5.1,-0.7,182.1,2012.0,January,FY12,0.0,-0.0428,0.1926,-0.0551,0.0926,45.08300018310547,1.7674965226407435,-0.3690603688276894,117.18,4.8121617185927335,False,-4.807372855791803,2.6222303034031835,7.415993444685121,16.81999969482422,False,-2.760000228881836,19.526666641235355,True,True,True,True,True,True,True,True,True,True,True,True,True,True,True,True,True,True,False,True,True,True,True,True,True,True,True,0.0,0.0,0.0,0.0,0.0,False
2011-06-01,0,44.7599983215332,18.40999984741211,112.4800033569336,5647.39990234375,18845.869140625,-0.7,10.36,5.1,8.5,182.1,17.2,3.4,0.15,-0.7,-0.5,0.0,5.1,-0.7,182.1,2012.0,January,FY12,0.0,-0.0428,0.1926,-0.0551,0.0926,44.7599983215332,-0.7164604402111419,0.3362423428141303,112.4800033569336,-4.158143514007051,False,3.1846631996031105,-3.1943449351831688,4.012686181320384,18.40999984741211,False,1.5900001525878906,18.2699998219808,True,True,True,True,True,True,True,True,True,True,True,True,True,True,True,True,True,True,False,True,True,True,True,True,True,True,True,0.0,0.0,0.0,0.0,0.0,False
2011-07-01,0,44.0099983215332,19.770000457763672,116.73999786376952,5482.0,18197.19921875,-0.7,10.36,5.1,8.5,182.1,17.2,3.4,0.15,-0.7,-0.5,0.0,5.1,-0.7,182.1,2012.0,January,FY12,0.0,-0.0428,0.1926,-0.0551,0.0926,44.0099983215332,-1.675603279992055,-0.6546296174306354,116.73999786376952,-7.2682513068875965,False,-2.9287797075448263,-4.6525784850856455,4.17883430130003,19.770000457763672,False,1.3600006103515625,18.33333333333334,True,True,True,True,True,True,True,True,True,True,True,True,True,True,True,True,True,True,False,True,True,True,True,True,True,True,True,0.0,0.0,0.0,0.0,0.0,False
2011-08-01,0,45.93999862670898,24.8799991607666,114.8499984741211,5001.0,16676.75,-0.7,10.36,5.1,8.5,182.1,17.2,3.4,0.15,-0.7,-0.5,0.0,5.1,-0.7,182.1,2012.0,January,FY12,0.0,-0.0428,0.1926,-0.0551,0.0926,45.93999862670898,4.385367822728292,1.9009348094022105,114.8499984741211,-1.9883952260444704,False,-8.774170010944914,-8.62582611742143,5.979917275566998,24.8799991607666,False,5.10999870300293,21.0199998219808,True,True,True,True,True,True,True,True,True,True,True,True,True,True,True,True,True,True,False,True,True,True,True,True,True,True,True,0.0,0.0,0.0,0.0,0.0,False
2011-09-01,0,48.86000061035156,31.940000534057617,102.76000213623048,4943.25,16453.759765625,-0.7,10.36,5.1,8.5,182.1,17.2,3.4,0.15,-0.7,-0.5,0.0,5.1,-0.7,182.1,2012.0,January,FY12,0.0,-0.0428,0.1926,-0.0551,0.0926,48.86000061035156,6.356121181825469,9.159969710825312,102.76000213623048,-8.641537100473384,False,-1.1547690461907625,-12.468568093637543,3.986873726939829,31.940000534057617,False,7.060001373291016,25.53000005086264,True,True,True,True,True,True,True,True,True,True,True,True,True,True,True,True,True,True,False,True,True,True,True,True,True,True,True,0.0,0.0,0.0,0.0,0.0,False
2011-10-01,0,48.62799835205078,22.65999984741211,109.55999755859376,5326.60009765625,17705.009765625,-0.7,10.36,5.1,8.5,182.1,17.2,3.4,0.15,-0.7,-0.5,0.0,5.1,-0.7,182.1,2012.0,January,FY12,0.0,-0.0428,0.1926,-0.0551,0.0926,48.62799835205078,-0.4748306496165422,10.493070226403711,109.55999755859376,-6.150420110127575,False,7.755021446543275,-2.83473006829168,8.272986239607508,22.65999984741211,False,-9.280000686645508,26.49333318074545,True,True,True,True,True,True,True,True,True,True,True,True,True,True,True,True,True,True,False,True,True,True,True,True,True,True,True,0.0,0.0,0.0,0.0,0.0,False
2011-11-01,0,51.90299987792969,26.549999237060547,110.81999969482422,4832.0498046875,16123.4599609375,-0.7,10.36,5.1,8.5,182.1,17.2,3.4,0.15,-0.7,-0.5,0.0,5.1,-0.7,182.1,2012.0,January,FY12,0.0,-0.0428,0.1926,-0.0551,0.0926,51.90299987792969,6.734806360255607,12.97997699058242,110.81999969482422,-3.508923668122599,False,-9.284539554346429,-3.378328240601869,8.52275556224563,26.549999237060547,False,3.8899993896484375,27.04999987284343,True,True,True,True,True,True,True,True,True,True,True,True,True,True,True,True,True,True,False,True,True,True,True,True,True,True,True,0.0,0.0,0.0,0.0,0.0,False
2011-12-01,0,53.0,27.11000061035156,107.37999725341795,4624.2998046875,15454.919921875,-0.7,10.36,5.1,8.5,182.1,17.2,3.4,0.15,-0.7,-0.5,0.0,5.1,-0.7,182.1,2012.0,January,FY12,0.0,-0.0428,0.1926,-0.0551,0.0926,53.0,2.113558223321088,8.47318734738478,107.37999725341795,4.49590796140964,False,-4.299417605308308,-6.452236793860299,8.760779843566322,27.11000061035156,False,0.5600013732910156,25.439999898274746,True,True,True,True,True,True,True,True,True,True,True,True,True,True,True,True,True,True,False,True,True,True,True,True,True,True,True,0.0,0.0,0.0,0.0,0.0,False
2012-01-01,0,52.49300003051758,22.65999984741211,110.26,5199.25,17193.55078125,-0.7,10.36,5.1,8.5,182.1,17.2,3.4,0.15,-0.7,-0.5,0.0,5.1,-0.7,182.1,2012.0,January,FY12,0.0,-0.0428,0.1926,-0.0551,0.0926,52.49300003051758,-0.9566037160045672,7.94809946830517,110.26,0.6389215562293993,False,12.433237886732428,-2.390832713578128,11.376108426891395,22.65999984741211,False,-4.450000762939453,25.439999898274746,False,False,False,False,False,False,False,False,False,False,False,False,False,False,False,False,False,False,False,False,False,False,False,False,False,False,False,0.0,0.0,0.0,0.0,0.0,False
2012-02-01,0,49.06800079345703,26.93000030517578,122.66000366210938,5385.2001953125,17752.6796875,-0.7,10.36,5.1,8.5,188.5,17.2,3.4,0.15,-0.7,-0.5,0.0,5.1,-0.7,182.1,2012.0,February,FY12,0.0,-0.0428,0.1926,-0.0551,0.0926,49.06800079345703,-6.524678023868658,-5.462110265572839,122.66000366210938,10.683995668552717,False,3.576481133096121,11.447530819909948,8.371117816098435,26.93000030517578,False,4.270000457763672,25.566666920979824,False,False,False,False,False,False,False,False,False,False,False,False,False,False,False,False,False,False,False,False,False,False,False,False,False,False,False,0.0,0.0,0.0,0.0,0.0,False
2012-03-01,0,50.86800003051758,22.3799991607666,122.87999725341795,5295.5498046875,17404.19921875,-0.7,10.36,5.1,8.5,175.5,17.2,3.4,0.15,-0.7,-0.5,0.0,5.1,-0.7,188.5,2012.0,March,FY12,0.0,-0.0428,0.1926,-0.0551,0.0926,50.86800003051758,3.6683769624878737,-4.022641451853626,122.87999725341795,14.434718193761764,False,-1.6647550206775108,14.515711098998718,7.125846155955644,22.3799991607666,False,-4.55000114440918,23.989999771118168,False,False,False,False,False,False,False,False,False,False,False,False,False,False,False,False,False,False,False,False,False,False,False,False,False,False,False,0.0,0.0,0.0,0.0,0.0,False
2012-04-01,0,52.53799819946289,17.81999969482422,118.66,5248.14990234375,17318.810546875,-0.7,10.36,5.1,8.5,190.3,17.0,3.4,0.15,-0.7,-0.5,0.0,5.1,-0.7,175.5,2012.0,April,FY13,0.0,-0.0428,0.1926,-0.0551,0.0926,52.53799819946289,3.283003396916362,0.085722227571594,118.66,7.618356611645205,False,-0.8950893503407831,0.9405183890705217,2.8301320420333465,17.81999969482422,False,-4.559999465942383,22.376666386922206,False,False,False,False,False,False,False,False,False,False,False,False,False,False,False,False,False,False,False,False,False,False,False,False,False,False,False,0.0,0.0,0.0,0.0,0.0,False
2012-05-01,0,56.22800064086914,25.25,101.87000274658205,4924.25,16218.5302734375,5.0,10.36,5.1,8.0,179.8,17.0,3.4,0.15,2.15,-0.5,-0.5,5.1,-0.7,190.3,2012.0,May,FY13,0.0,-0.0428,0.1926,-0.0551,0.0926,56.22800064086914,7.023492648876695,14.591994235817452,101.87000274658205,-16.949290962682028,False,-6.171696852620401,-8.559573991580283,2.85036537581078,25.25,False,7.430000305175781,21.816666285196945,False,False,False,False,False,False,False,False,False,False,False,False,False,False,False,False,False,False,False,False,False,False,False,False,False,False,False,0.0,0.0,0.0,0.0,0.0,False
2012-06-01,0,55.50299835205078,19.07999992370605,97.8000030517578,5278.89990234375,17429.98046875,2.3,10.36,5.1,8.0,182.1,17.0,3.4,0.15,2.2,-0.5,0.0,5.1,5.0,179.8,2012.0,June,FY13,0.0,-0.0428,0.1926,-0.0551,0.0926,55.50299835205078,-1.2893972407964194,9.111815520076473,97.8000030517578,-20.4101519875014,False,7.202110013580754,-0.3144131007702277,6.736293916373877,19.07999992370605,False,-6.170000076293945,20.716666539510097,False,False,False,False,False,False,False,False,False,False,False,False,False,False,False,False,False,False,False,False,False,False,False,False,False,False,False,0.0,0.0,0.0,0.0,0.0,False
2012-07-01,0,55.42300033569336,16.010000228881836,105.93,5229.0,17236.1796875,1.5,9.86,5.4,8.0,178.0,16.5,3.4,0.15,2.9333333333333336,-0.5,0.0,5.1,2.3,182.1,2012.0,July,FY13,0.0,-0.0428,0.1926,-0.0551,0.0926,55.42300033569336,-0.1441327833318184,5.491267720702697,105.93,-10.72813079386482,False,-0.9452708569373524,-0.3648886312335953,6.73985724171372,16.010000228881836,False,-3.0699996948242188,20.11333338419597,False,False,False,False,False,False,False,False,False,False,False,False,False,False,False,False,False,False,False,False,False,False,False,False,False,False,False,0.0,0.0,0.0,0.0,0.0,False
2012-08-01,0,55.62799835205078,17.299999237060547,114.56999969482422,5258.5,17380.75,-0.1,9.86,5.4,8.0,201.4,16.5,3.4,0.15,1.2333333333333332,-0.5,0.0,5.1,1.5,178.0,2012.0,August,FY13,0.0,-0.0428,0.1926,-0.0551,0.0926,55.62799835205078,0.3698789584031248,-1.0670880735215935,114.56999969482422,12.466866207744664,False,0.5641614075349022,6.7878357110219945,4.334369667875987,17.299999237060547,False,1.289999008178711,17.463333129882816,False,False,False,False,False,False,False,False,False,False,False,False,False,False,False,False,False,False,False,False,False,False,False,False,False,False,False,0.0,0.0,0.0,0.0,0.0,False
2012-09-01,0,52.84799957275391,16.15999984741211,112.38999938964844,5703.2998046875,18762.740234375,-1.0,9.86,5.4,8.0,181.4,16.5,3.4,0.15,0.1333333333333333,-0.5,0.0,5.1,-0.1,201.4,2012.0,September,FY13,0.0,-0.0428,0.1926,-0.0551,0.0926,52.84799957275391,-4.997481235444068,-4.783523157535463,112.38999938964844,14.918196199001432,False,8.458682222829705,8.039551993689509,5.050349463001103,16.15999984741211,False,-1.1399993896484375,16.489999771118168,False,False,False,False,False,False,False,False,False,False,False,False,False,False,False,False,False,False,False,False,False,False,False,False,False,False,False,0.0,0.0,0.0,0.0,0.0,False
2012-10-01,0,53.95800018310547,14.399999618530272,108.6999969482422,5619.7001953125,18505.380859375,3.7,9.75,4.6,8.0,169.5,16.0,3.4,0.15,0.8666666666666667,-0.1099999999999994,0.0,5.4,-1.0,181.4,2012.0,October,FY13,0.0,-0.0428,0.1926,-0.0551,0.0926,53.95800018310547,2.1003644779845843,-2.6433071896405536,108.6999969482422,2.614931509716012,False,-1.465811236265191,7.47179566480205,5.24308780296047,14.399999618530272,False,-1.760000228881836,15.953332901000982,False,False,False,False,False,False,False,False,False,False,False,False,False,False,False,False,False,False,False,False,False,False,False,False,False,False,False,0.0,0.0,0.0,0.0,0.0,False
2012-11-01,0,54.8380012512207,15.149999618530272,111.2300033569336,5879.85009765625,19339.900390625,-1.7,9.75,4.6,7.5,186.7,16.0,3.4,0.15,0.3333333333333334,-0.1099999999999994,-0.5,5.4,3.7,169.5,2012.0,November,FY13,0.0,-0.0428,0.1926,-0.0551,0.0926,54.8380012512207,1.6309000799306306,-1.4201429572037738,111.2300033569336,-2.915245131175048,False,4.629248773106198,11.81610911203288,5.005162126633478,15.149999618530272,False,0.75,15.23666636149089,False,False,False,False,False,False,False,False,False,False,False,False,False,False,False,False,False,False,False,False,False,False,False,False,False,False,False,0.0,0.0,0.0,0.0,0.0,False
2012-12-01,0,54.75299835205078,14.949999809265137,111.11000061035156,5905.10009765625,19426.7109375,7.1,9.75,4.6,7.5,164.5,16.0,3.4,0.15,3.033333333333333,-0.1099999999999994,0.0,5.4,-1.7,186.7,2012.0,December,FY13,0.0,-0.0428,0.1926,-0.0551,0.0926,54.75299835205078,-0.1550072891616016,3.604675285153092,111.11000061035156,-1.138890280494809,False,0.4294327164916067,3.5383076443376016,3.119299095087907,14.949999809265137,False,-0.1999998092651367,14.8333330154419,False,False,False,False,False,False,False,False,False,False,False,False,False,False,False,False,False,False,False,False,False,False,False,False,False,False,False,0.0,0.0,0.0,0.0,0.0,False
2013-01-01,0,53.303001403808594,14.130000114440918,115.5500030517578,6034.75,19894.98046875,7.2,10.79,4.8,7.5,177.0,15.8,3.4,0.15,4.2,1.0399999999999991,0.0,4.6,7.1,164.5,2013.0,January,FY13,0.0,-0.0428,0.1926,-0.0551,0.0926,53.303001403808594,-2.6482512225522337,-1.213904846499403,115.5500030517578,6.301753722014625,False,2.195558080297544,7.38562183501712,2.10873200835399,14.130000114440918,False,-0.8199996948242188,14.743333180745449,False,False,False,False,False,False,False,False,False,False,False,False,False,False,False,False,False,False,False,False,False,False,False,False,False,False,False,0.0,0.0,0.0,0.0,0.0,False
2013-02-01,0,53.858001708984375,14.859999656677246,111.37999725341795,5693.0498046875,18861.5390625,1.4,10.79,4.8,7.75,153.3,15.8,3.4,0.15,5.233333333333333,1.0399999999999991,0.25,4.6,7.2,177.0,2013.0,February,FY13,0.0,-0.0428,0.1926,-0.0551,0.0926,53.858001708984375,1.0412177373864129,-1.7870810749407329,111.37999725341795,0.1348502130338325,False,-5.66220962446663,-3.176956722811864,4.122536001720076,14.859999656677246,False,0.7299995422363281,14.64666652679444,False,False,False,False,False,False,False,False,False,False,False,False,False,False,False,False,False,False,False,False,False,False,False,False,False,False,False,0.0,0.0,0.0,0.0,0.0,False
2013-03-01,0,54.27799987792969,15.220000267028809,110.0199966430664,5682.5498046875,18835.76953125,15.2,10.79,4.8,7.75,157.5,15.8,3.4,0.15,7.933333333333334,1.0399999999999991,0.0,4.6,1.4,153.3,2013.0,March,FY13,0.0,-0.0428,0.1926,-0.0551,0.0926,54.27799987792969,0.7798250132166507,-0.8675296119254439,110.0199966430664,-0.9810133753015317,False,-0.1844354144127535,-3.7687810416131775,4.029369111768197,15.220000267028809,False,0.3600006103515625,14.73666667938233,False,False,False,False,False,False,False,False,False,False,False,False,False,False,False,False,False,False,False,False,False,False,False,False,False,False,False,0.0,0.0,0.0,0.0,0.0,False
2013-04-01,0,54.22800064086914,15.100000381469728,102.37000274658205,5930.2001953125,19504.1796875,3.3,9.39,4.6,7.5,170.6,15.3,3.4,0.15,6.633333333333334,-1.3999999999999986,-0.25,4.8,15.2,157.5,2013.0,April,FY14,0.0,-0.0428,0.1926,-0.0551,0.0926,54.22800064086914,-0.0921169482534289,1.7353605101015024,102.37000274658205,-11.406317574281776,False,4.358085703370596,-1.7324628971788214,5.017416779893079,15.100000381469728,False,-0.119999885559082,15.060000101725263,False,False,False,False,False,False,False,False,False,False,False,False,False,False,False,False,False,False,False,False,False,False,False,False,False,False,False,0.0,0.0,0.0,0.0,0.0,False
2013-05-01,0,56.37799835205078,16.989999771118164,100.38999938964844,5985.9501953125,19760.30078125,1.0,9.39,4.6,7.5,173.7,15.3,3.4,0.15,6.5,-1.3999999999999986,0.0,4.8,3.3,170.6,2013.0,May,FY14,0.0,-0.0428,0.1926,-0.0551,0.0926,56.37799835205078,3.964737194388257,4.678964245058559,100.38999938964844,-9.867119891163645,False,0.9401031696040674,5.144876659674269,2.3657870337227243,16.989999771118164,False,1.8899993896484373,15.770000139872238,False,False,False,False,False,False,False,False,False,False,False,False,False,False,False,False,False,False,False,False,False,False,False,False,False,False,False,0.0,0.0,0.0,0.0,0.0,False
2013-06-01,1,59.5260009765625,17.950000762939453,102.16000366210938,5842.2001953125,19395.810546875,-1.0,9.39,4.6,7.5,165.7,15.3,3.4,0.15,1.1,-1.3999999999999986,0.0,4.8,1.0,173.7,2013.0,June,FY14,0.0,-0.0428,0.1926,-0.0551,0.0926,59.5260009765625,5.583743156069687,9.66874444606558,102.16000366210938,-7.144149446265569,False,-2.4014566661875736,2.8094851098938944,3.379843186282492,17.950000762939453,False,0.9600009918212892,16.680000305175785,False,False,False,False,False,False,False,False,False,False,False,False,False,False,False,False,False,False,False,False,False,False,False,False,False,False,False,0.0,0.0,0.0,0.0,0.0,False
2013-07-01,1,60.80799865722656,18.770000457763672,107.6999969482422,5742.0,19345.69921875,3.2,9.64,5.2,7.5,160.3,15.0,3.4,0.15,1.0666666666666669,0.25,0.0,4.6,-1.0,165.7,2013.0,July,FY14,0.0,-0.0428,0.1926,-0.0551,0.0926,60.80799865722656,2.1536768128751493,12.133949138073842,107.6999969482422,5.206597693324877,False,-1.7151106083782564,-3.173589240060781,1.7648065641892907,18.770000457763672,False,0.8199996948242188,17.903333663940433,False,False,False,False,False,False,False,False,False,False,False,False,False,False,False,False,False,False,False,False,False,False,False,False,False,False,False,0.0,0.0,0.0,0.0,0.0,False
2013-08-01,1,65.697998046875,27.809999465942383,114.01000213623048,5471.7998046875,18619.720703125,4.4,9.64,5.2,7.5,155.9,15.0,3.4,0.15,2.2,0.25,0.0,4.6,3.2,160.3,2013.0,August,FY14,0.0,-0.0428,0.1926,-0.0551,0.0926,65.697998046875,8.041704212653444,16.531271005092705,114.01000213623048,13.567091173811118,False,-4.705680865769768,-8.589286142534602,1.5665264407496005,27.809999465942383,False,9.039999008178713,21.51000022888184,False,False,False,False,False,False,False,False,False,False,False,False,False,False,False,False,False,False,False,False,False,False,False,False,False,False,False,0.0,0.0,0.0,0.0,0.0,False
2013-09-01,1,62.90999984741211,26.649999618530277,107.85,5735.2998046875,19379.76953125,6.8,9.64,5.2,7.5,141.6,15.0,3.4,0.15,4.8,0.25,0.0,4.6,4.4,155.9,2013.0,September,FY14,0.0,-0.0428,0.1926,-0.0551,0.0926,62.90999984741211,-4.243657770931886,5.684908805115274,107.85,5.56969081237515,False,4.8156001572694285,-1.829796772640091,4.869094472428931,26.649999618530277,False,-1.1599998474121094,24.409999847412116,False,False,False,False,False,False,False,False,False,False,False,False,False,False,False,False,False,False,False,False,False,False,False,False,False,False,False,0.0,0.0,0.0,0.0,0.0,False
2013-10-01,0,61.31999969482422,18.38999938964844,108.83999633789062,6299.14990234375,21164.51953125,1.9,10.09,4.8,7.5,146.5,14.8,3.4,0.15,4.366666666666666,0.4499999999999993,0.0,5.2,6.8,141.6,2013.0,October,FY14,0.0,-0.0428,0.1926,-0.0551,0.0926,61.31999969482422,-2.527420372666389,0.8419961993549441,108.83999633789062,1.0584952850057006,False,9.83122272344701,9.70306343336378,7.383910752532829,18.38999938964844,False,-8.260000228881836,24.283332824707035,False,False,False,False,False,False,False,False,False,False,False,False,False,False,False,False,False,False,False,False,False,False,False,False,False,False,False,0.0,0.0,0.0,0.0,0.0,False
2013-11-01,0,62.391998291015625,21.3799991607666,109.69000244140624,6176.10009765625,20791.9296875,3.7,10.09,4.8,7.75,146.5,14.8,3.4,0.15,4.133333333333333,0.4499999999999993,0.25,5.2,1.9,146.5,2013.0,November,FY14,0.0,-0.0428,0.1926,-0.0551,0.0926,62.391998291015625,1.7482038511521525,-5.032116432985633,109.69000244140624,-3.789140964721893,False,-1.953435091959255,12.871455793492292,5.9140294745893005,21.3799991607666,False,2.989999771118164,22.13999938964844,False,False,False,False,False,False,False,False,False,False,False,False,False,False,False,False,False,False,False,False,False,False,False,False,False,False,False,0.0,0.0,0.0,0.0,0.0,False
2013-12-01,0,61.77999877929688,15.119999885559082,109.95,6304.0,21170.6796875,3.5,10.09,4.8,7.75,159.0,14.8,3.4,0.15,3.033333333333333,0.4499999999999993,0.0,5.2,3.7,146.5,2013.0,December,FY14,0.0,-0.0428,0.1926,-0.0551,0.0926,61.77999877929688,-0.980894230802154,-1.7962185198792668,109.95,1.9471488178025127,False,2.070884543990581,9.915788444881258,5.9902164265024185,15.119999885559082,False,-6.25999927520752,18.29666614532471,False,False,False,False,False,False,False,False,False,False,False,False,False,False,False,False,False,False,False,False,False,False,False,False,False,False,False,0.0,0.0,0.0,0.0,0.0,False
2014-01-01,0,62.310001373291016,16.81999969482422,106.4000015258789,6089.5,20513.849609375,4.8,8.79,4.6,7.75,149.1,14.5,3.4,0.15,4.0,-1.3000000000000007,0.0,4.8,3.5,159.0,2014.0,January,FY14,0.0,-0.0428,0.1926,-0.0551,0.0926,62.310001373291016,0.8578870256820803,1.6144841542625743,106.4000015258789,-2.241818168053611,False,-3.402601522842641,-3.328225325543454,2.835909072370161,16.81999969482422,False,1.6999998092651367,17.77333291371664,False,False,False,False,False,False,False,False,False,False,False,False,False,False,False,False,False,False,False,False,False,False,False,False,False,False,False,0.0,0.0,0.0,0.0,0.0,False
2014-02-01,0,62.02000045776367,14.18000030517578,109.06999969482422,6276.9501953125,21120.119140625,5.2,8.79,4.6,8.0,125.3,14.5,3.4,0.15,4.5,-1.3000000000000007,0.25,4.8,4.8,149.1,2014.0,February,FY14,0.0,-0.0428,0.1926,-0.0551,0.0926,62.02000045776367,-0.4654163202308159,-0.5962268294675277,109.06999969482422,-0.5652317738922719,False,3.078252653132441,1.6329090536360005,3.4874850317811936,14.18000030517578,False,-2.639999389648437,15.373333295186365,False,False,False,False,False,False,False,False,False,False,False,False,False,False,False,False,False,False,False,False,False,False,False,False,False,False,False,0.0,0.0,0.0,0.0,0.0,False
2014-03-01,0,59.84000015258789,21.6200008392334,107.76000213623048,6704.2001953125,22386.26953125,2.9,8.79,4.6,8.0,143.5,14.5,3.4,0.15,4.3,-1.3000000000000007,0.0,4.8,5.2,125.3,2014.0,March,FY14,0.0,-0.0428,0.1926,-0.0551,0.0926,59.84000015258789,-3.5149956289671214,-3.140172653028761,107.76000213623048,-1.9918125182078472,False,6.806649514585317,6.348353352038383,5.166094926730911,21.6200008392334,False,7.440000534057617,17.540000279744472,False,False,False,False,False,False,False,False,False,False,False,False,False,False,False,False,False,False,False,False,False,False,False,False,False,False,False,0.0,0.0,0.0,0.0,0.0,False
2014-04-01,0,60.417999267578125,30.59000015258789,108.06999969482422,6696.39990234375,22417.80078125,3.9,8.33,5.7,8.0,133.7,14.2,3.4,0.15,4.0,-0.4599999999999991,0.0,4.6,2.9,143.5,2014.0,April,FY15,0.0,-0.0428,0.1926,-0.0551,0.0926,60.417999267578125,0.9659076094859164,-3.0364340619704944,108.06999969482422,1.5695471287555662,False,-0.1163493443140928,9.966333891842517,3.464927567278127,30.59000015258789,False,8.969999313354492,22.130000432332363,False,False,False,False,False,False,False,False,False,False,False,False,False,False,False,False,False,False,False,False,False,False,False,False,False,False,False,0.0,0.0,0.0,0.0,0.0,False
2014-05-01,0,58.900001525878906,16.34000015258789,109.41000366210938,7229.9501953125,24217.33984375,4.7,8.33,5.7,8.0,128.2,14.2,3.4,0.15,3.8333333333333335,-0.4599999999999991,0.0,4.6,3.9,133.7,2014.0,May,FY15,0.0,-0.0428,0.1926,-0.0551,0.0926,58.900001525878906,-2.512492568607472,-5.030633519600702,109.41000366210938,0.3117300524768218,False,7.9677184867947615,15.182532445640252,4.3708913480074605,16.34000015258789,False,-14.25,22.85000038146973,False,False,False,False,False,False,False,False,False,False,False,False,False,False,False,False,False,False,False,False,False,False,False,False,False,False,False,0.0,0.0,0.0,0.0,0.0,False
2014-06-01,0,60.03799819946289,17.8700008392334,111.03,7611.35009765625,25413.779296875,8.3,8.33,5.7,8.0,138.4,14.2,3.4,0.15,5.633333333333333,-0.4599999999999991,0.0,4.6,4.7,128.2,2014.0,June,FY15,0.0,-0.0428,0.1926,-0.0551,0.0926,60.03799819946289,1.9320825876107728,0.3308790881853651,111.03,3.034519115576484,False,5.2752770356707,13.531068224633524,4.116451317317053,17.8700008392334,False,1.5300006866455078,21.60000038146973,False,False,False,False,False,False,False,False,False,False,False,False,False,False,False,False,False,False,False,False,False,False,False,False,False,False,False,0.0,0.0,0.0,0.0,0.0,False
2014-07-01,0,60.25,13.81999969482422,106.0199966430664,7721.2998046875,25894.970703125,5.4,7.24,6.0,8.0,140.1,13.9,3.4,0.15,6.133333333333334,-1.09,0.0,5.7,8.3,138.4,2014.0,July,FY15,0.0,-0.0428,0.1926,-0.0551,0.0926,60.25,0.3531127067774253,-0.2780616200713459,106.0199966430664,-1.8969214930570577,False,1.4445493325173198,15.30523740054759,3.278095268057207,13.81999969482422,False,-4.05000114440918,16.01000022888184,False,False,False,False,False,False,False,False,False,False,False,False,False,False,False,False,False,False,False,False,False,False,False,False,False,False,False,0.0,0.0,0.0,0.0,0.0,False
2014-08-01,0,60.51300048828125,13.06999969482422,103.19000244140624,7954.35009765625,26638.109375,3.5,7.24,6.0,8.0,136.6,13.9,3.4,0.15,5.733333333333334,-1.09,0.0,5.7,5.4,140.1,2014.0,August,FY15,0.0,-0.0428,0.1926,-0.0551,0.0926,60.51300048828125,0.4365153332468896,2.738538065561236,103.19000244140624,-5.685038856147317,False,3.018277995464813,10.019431431400603,1.9254930670601211,13.06999969482422,False,-0.75,14.92000007629395,False,False,False,False,False,False,False,False,False,False,False,False,False,False,False,False,False,False,False,False,False,False,False,False,False,False,False,0.0,0.0,0.0,0.0,0.0,False
2014-09-01,0,61.553001403808594,13.149999618530272,94.66999816894533,7964.7998046875,26630.509765625,4.3,7.24,6.0,8.0,116.5,13.9,3.4,0.15,4.4,-1.09,0.0,5.7,3.5,136.6,2014.0,September,FY15,0.0,-0.0428,0.1926,-0.0551,0.0926,61.553001403808594,1.7186404692141275,2.52340725837068,94.66999816894533,-14.734758021304772,False,0.1313709718953504,4.643718952569098,1.4454117910433653,13.149999618530272,False,0.0799999237060546,13.346666336059576,False,False,False,False,False,False,False,False,False,False,False,False,False,False,False,False,False,False,False,False,False,False,False,False,False,False,False,0.0,0.0,0.0,0.0,0.0,False
2014-10-01,0,61.43299865722656,13.300000190734863,85.86000061035156,8322.2001953125,27865.830078125,0.3,5.52,6.2,8.0,119.4,13.6,3.4,0.15,2.7,-1.7200000000000006,0.0,6.0,4.3,116.5,2014.0,October,FY15,0.0,-0.0428,0.1926,-0.0551,0.0926,61.43299865722656,-0.1949583998264725,1.9634832485088127,85.86000061035156,-19.01527699589235,False,4.487248887469342,7.782373509965268,2.2160693453228,13.300000190734863,False,0.1500005722045898,13.17333316802979,False,False,False,False,False,False,False,False,False,False,False,False,False,False,False,False,False,False,False,False,False,False,False,False,False,False,False,0.0,0.0,0.0,0.0,0.0,False
2014-11-01,0,61.85300064086914,12.899999618530272,70.1500015258789,8588.25,28693.990234375,7.4,5.52,6.2,8.0,123.6,13.6,3.4,0.15,4.0,-1.7200000000000006,0.0,6.0,0.3,119.4,2014.0,November,FY15,0.0,-0.0428,0.1926,-0.0551,0.0926,61.85300064086914,0.6836748861732023,2.2144004458139355,70.1500015258789,-32.018606583799865,False,3.1968685977700195,7.969223061108765,2.237410311113907,12.899999618530272,False,-0.4000005722045898,13.116666475931808,False,False,False,False,False,False,False,False,False,False,False,False,False,False,False,False,False,False,False,False,False,False,False,False,False,False,False,0.0,0.0,0.0,0.0,0.0,False
2014-12-01,0,63.37799835205078,15.119999885559082,57.33000183105469,8282.7001953125,27499.419921875,4.0,5.52,6.2,8.0,127.9,13.6,3.4,0.15,3.9,-1.7200000000000006,0.0,6.0,7.4,123.6,2014.0,December,FY15,0.0,-0.0428,0.1926,-0.0551,0.0926,63.37799835205078,2.4655193691185406,2.964919511023667,57.33000183105469,-39.44227005397715,False,-3.557765606351704,3.991316774062637,4.320733400888605,15.119999885559082,False,2.2200002670288086,13.773333231608078,False,False,False,False,False,False,False,False,False,False,False,False,False,False,False,False,False,False,False,False,False,False,False,False,False,False,False,0.0,0.0,0.0,0.0,0.0,False
2015-01-01,0,62.01300048828125,20.170000076293945,52.9900016784668,8808.900390625,29182.94921875,1.8,5.11,6.5,8.0,111.3,13.2,3.4,0.15,4.4,-0.4099999999999992,0.0,6.2,4.0,127.9,2015.0,January,FY15,0.0,-0.0428,0.1926,-0.0551,0.0926,62.01300048828125,-2.153740886840993,0.9441209833999542,52.9900016784668,-38.28325028910127,False,6.353003041330618,5.84821542248688,5.063095282617864,20.170000076293945,False,5.050000190734863,16.063333193461105,False,False,False,False,False,False,False,False,False,False,False,False,False,False,False,False,False,False,False,False,False,False,False,False,False,False,False,0.0,0.0,0.0,0.0,0.0,False
2015-02-01,0,61.75400161743164,19.56999969482422,61.89,8844.599609375,29220.119140625,3.0,5.11,6.5,7.75,112.3,13.2,3.4,0.15,2.9333333333333336,-0.4099999999999992,-0.25,6.2,1.8,111.3,2015.0,February,FY15,0.0,-0.0428,0.1926,-0.0551,0.0926,61.75400161743164,-0.4176525386778373,-0.1600553286206896,61.89,-11.7747702725733,False,0.4052630540355872,2.9848876007917635,4.988395572182209,19.56999969482422,False,-0.6000003814697266,18.286666552225757,False,False,False,False,False,False,False,False,False,False,False,False,False,False,False,False,False,False,False,False,False,False,False,False,False,False,False,0.0,0.0,0.0,0.0,0.0,False
2015-03-01,0,62.50899887084961,14.489999771118164,53.69,8491.0,27957.490234375,2.4,5.11,6.5,7.75,101.3,13.2,3.4,0.15,2.4,-0.4099999999999992,0.0,6.2,3.0,112.3,2015.0,March,FY15,0.0,-0.0428,0.1926,-0.0551,0.0926,62.50899887084961,1.2225883888386857,-1.371137466939354,53.69,-6.349209340305595,False,-3.9979153946120505,2.514877996011289,5.194630302447604,14.489999771118164,False,-5.079999923706055,18.07666651407878,False,False,False,False,False,False,False,False,False,False,False,False,False,False,False,False,False,False,False,False,False,False,False,False,False,False,False,0.0,0.0,0.0,0.0,0.0,False
2015-04-01,0,63.44200134277344,17.229999542236328,66.77999877929688,8181.5,27011.310546875,0.7,4.87,7.0,7.5,98.7,12.8,3.4,0.15,2.033333333333333,-0.2400000000000002,-0.25,6.5,2.4,101.3,2015.0,April,FY16,0.0,-0.0428,0.1926,-0.0551,0.0926,63.44200134277344,1.4925890492207603,2.304356898134974,66.77999877929688,26.02377177586281,False,-3.645035920386286,-7.122346295262016,2.4466789108288607,17.229999542236328,False,2.739999771118164,17.096666336059574,False,False,False,False,False,False,False,False,False,False,False,False,False,False,False,False,False,False,False,False,False,False,False,False,False,False,False,0.0,0.0,0.0,0.0,0.0,False
2015-05-01,0,63.82500076293945,16.65999984741211,65.55999755859375,8433.650390625,27828.439453125,1.8,4.87,7.0,7.5,117.3,12.8,3.4,0.15,1.6333333333333335,-0.2400000000000002,0.0,6.5,0.7,98.7,2015.0,May,FY16,0.0,-0.0428,0.1926,-0.0551,0.0926,63.82500076293945,0.6037000915161794,3.353627443186169,65.55999755859375,5.929871640965834,False,3.0819579615596115,-4.646329250613079,3.9896026817737367,16.65999984741211,False,-0.5699996948242188,16.126666386922206,False,False,False,False,False,False,False,False,False,False,False,False,False,False,False,False,False,False,False,False,False,False,False,False,False,False,False,0.0,0.0,0.0,0.0,0.0,False
2015-06-01,0,63.7239990234375,16.93000030517578,63.59000015258789,8368.5,27780.830078125,1.0,4.87,7.0,7.5,121.4,12.8,3.4,0.15,1.1666666666666667,-0.2400000000000002,0.0,6.5,1.8,117.3,2015.0,June,FY16,0.0,-0.0428,0.1926,-0.0551,0.0926,63.7239990234375,-0.158247925255961,1.9437203835214407,63.59000015258789,18.43918821491506,False,-0.7725052332904658,-1.4427040395713076,3.3754201159880046,16.93000030517578,False,0.2700004577636719,16.939999898274746,False,False,False,False,False,False,False,False,False,False,False,False,False,False,False,False,False,False,False,False,False,False,False,False,False,False,False,0.0,0.0,0.0,0.0,0.0,False
2015-07-01,0,64.11799621582031,14.56999969482422,52.209999084472656,8532.849609375,28114.560546875,1.3,3.69,7.2,7.5,105.8,12.5,3.4,0.15,1.3666666666666665,-1.1800000000000002,0.0,7.0,1.0,121.4,2015.0,July,FY16,0.0,-0.0428,0.1926,-0.0551,0.0926,64.11799621582031,0.6182869851559358,1.06553207455502,52.209999084472656,-21.81790949559168,False,1.9639076223337604,4.294440009472589,1.9830480914458648,14.56999969482422,False,-2.3600006103515625,16.053333282470707,False,False,False,False,False,False,False,False,False,False,False,False,False,False,False,False,False,False,False,False,False,False,False,False,False,False,False,0.0,0.0,0.0,0.0,0.0,False
2015-08-01,0,66.14299774169922,24.600000381469727,54.150001525878906,7971.2998046875,26283.08984375,3.7,3.69,7.2,7.5,115.5,12.5,3.4,0.15,2.0,-1.1800000000000002,0.0,7.0,1.3,105.8,2015.0,August,FY16,0.0,-0.0428,0.1926,-0.0551,0.0926,66.14299774169922,3.158242062123673,3.631800941717711,54.150001525878906,-17.403899416739975,False,-6.581034828863364,-5.482211907330847,4.363542384984607,24.600000381469727,False,10.030000686645508,18.70000012715658,False,False,False,False,False,False,False,False,False,False,False,False,False,False,False,False,False,False,False,False,False,False,False,False,False,False,False,0.0,0.0,0.0,0.0,0.0,False
2015-09-01,0,65.91999816894531,19.6299991607666,48.369998931884766,7948.89990234375,26154.830078125,2.2,3.69,7.2,7.5,108.2,12.5,3.4,0.15,2.4,-1.1800000000000002,0.0,7.0,3.7,115.5,2015.0,September,FY16,0.0,-0.0428,0.1926,-0.0551,0.0926,65.91999816894531,-0.3371476654637884,3.4461100671038025,48.369998931884766,-23.93458277116189,False,-0.2810068984054226,-5.014041914993717,4.429936693006025,19.6299991607666,False,-4.970001220703125,19.59999974568685,False,False,False,False,False,False,False,False,False,False,False,False,False,False,False,False,False,False,False,False,False,False,False,False,False,False,False,0.0,0.0,0.0,0.0,0.0,False
2015-10-01,0,65.44400024414062,17.8799991607666,49.560001373291016,8065.7998046875,26656.830078125,9.0,5.0,7.5,6.75,97.4,12.0,3.4,0.15,4.966666666666667,1.31,-0.75,7.2,2.2,108.2,2015.0,October,FY16,0.0,-0.0428,0.1926,-0.0551,0.0926,65.44400024414062,-0.722084250646915,2.0680684153899564,49.560001373291016,-5.075651709731122,False,1.4706425263863565,-5.473550174543728,4.234543184039357,17.8799991607666,False,-1.75,20.70333290100098,False,False,False,False,False,False,False,False,False,False,False,False,False,False,False,False,False,False,False,False,False,False,False,False,False,False,False,0.0,0.0,0.0,0.0,0.0,False
2015-11-01,0,66.9000015258789,16.43000030517578,43.73,7935.25,26145.669921875,0.8,5.0,7.5,6.75,106.8,12.0,3.4,0.15,4.0,1.31,0.0,7.2,9.0,97.4,2015.0,November,FY16,0.0,-0.0428,0.1926,-0.0551,0.0926,66.9000015258789,2.2248048351363403,1.1444957289899804,43.73,-19.24284622762027,False,-1.6185599425816433,-0.4522449985672527,1.5492200052304093,16.43000030517578,False,-1.4499988555908203,17.97999954223633,False,False,False,False,False,False,False,False,False,False,False,False,False,False,False,False,False,False,False,False,False,False,False,False,False,False,False,0.0,0.0,0.0,0.0,0.0,False
2015-12-01,0,66.45500183105469,13.869999885559082,37.27999877929688,7946.35009765625,26117.5390625,3.1,5.0,7.5,6.75,118.2,12.0,3.4,0.15,4.3,1.31,0.0,7.2,0.8,106.8,2015.0,December,FY16,0.0,-0.0428,0.1926,-0.0551,0.0926,66.45500183105469,-0.6651714270171971,0.8115953837532386,37.27999877929688,-22.92743518188819,False,0.1398834019879613,-0.0320774537209689,1.5495276020725863,13.869999885559082,False,-2.560000419616699,16.059999783833828,False,False,False,False,False,False,False,False,False,False,False,False,False,False,False,False,False,False,False,False,False,False,False,False,False,False,False,0.0,0.0,0.0,0.0,0.0,False
2016-01-01,0,68.09300231933594,17.239999771118164,34.7400016784668,7563.5498046875,24870.689453125,4.0,5.69,7.3,6.75,102.2,11.8,3.4,0.15,2.6333333333333333,0.6900000000000004,0.0,7.5,3.1,118.2,2016.0,January,FY16,0.01389,-0.0428,0.1926,-0.0551,0.0926,68.09300231933594,2.4648264888254223,4.047738624340114,34.7400016784668,-29.90314625538135,False,-4.817309686388671,-6.226908826922695,2.513227879143213,17.239999771118164,False,3.369999885559082,15.846666653951011,False,False,False,False,False,False,False,False,False,False,False,False,False,False,False,False,False,False,False,False,False,False,False,False,False,False,False,0.0,0.0,0.0,0.0,0.0,False
2016-02-01,0,68.7300033569336,20.15999984741211,35.970001220703125,6987.0498046875,23002.0,7.2,5.69,7.3,6.75,118.1,11.8,3.4,0.15,4.766666666666667,0.6900000000000004,0.0,7.5,4.0,102.2,2016.0,February,FY16,0.07167,-0.0428,0.1926,-0.0551,0.0926,68.7300033569336,0.935486784104933,2.7354286835804986,35.970001220703125,-17.745252182247594,False,-7.622082420118592,-11.94921641173875,3.930407672385371,20.15999984741211,False,2.9200000762939453,17.089999834696457,False,False,False,False,False,False,False,False,False,False,False,False,False,False,False,False,False,False,False,False,False,False,False,False,False,False,False,0.05778,0.0,0.1926,0.0,0.0,False
2016-03-01,0,66.36799621582031,16.579999923706055,39.59999847412109,7738.39990234375,25341.859375,5.2,5.69,7.3,6.75,76.4,11.8,3.4,0.15,5.466666666666666,0.6900000000000004,0.0,7.5,7.2,118.1,2016.0,March,FY16,0.07167,-0.0428,0.1926,-0.0551,0.0926,66.36799621582031,-3.436646334566196,-0.1309241032835473,39.59999847412109,6.223175350833454,False,10.753467037721444,-2.616927177344408,9.899298424278102,16.579999923706055,False,-3.5799999237060547,17.99333318074545,False,False,False,False,False,False,False,False,False,False,False,False,False,False,False,False,False,False,False,False,False,False,False,False,False,False,False,0.05778,0.0,0.1926,0.0,0.0,False
2016-04-01,0,66.41799926757812,16.540000915527344,48.130001068115234,7849.7998046875,25606.619140625,6.0,5.47,7.8,6.75,111.0,11.5,3.4,0.15,6.133333333333333,-0.2200000000000006,0.0,7.3,5.2,76.4,2016.0,April,FY17,0.07167,-0.0428,0.1926,-0.0551,0.0926,66.41799926757812,0.075342114586685,-2.459875456662264,48.130001068115234,38.543462126393855,False,1.439572828357072,3.784598599755329,9.188063262216753,16.540000915527344,False,-0.0399990081787109,17.76000022888184,False,False,False,False,False,False,False,False,False,False,False,False,False,False,False,False,False,False,False,False,False,False,False,False,False,False,False,0.05778,0.0,0.1926,0.0,0.0,False
2016-05-01,0,67.13300323486328,16.049999237060547,49.26,8160.10009765625,26667.9609375,7.3,5.47,7.8,6.5,104.1,11.5,3.4,0.15,6.166666666666667,-0.2200000000000006,-0.25,7.3,6.0,111.0,2016.0,May,FY17,0.07167,-0.0428,0.1926,-0.0551,0.0926,67.13300323486328,1.0765213875302493,-2.3235851070407487,49.26,36.947451565966574,False,3.9529707851078566,16.788921300972714,4.818584576305252,16.049999237060547,False,-0.4900016784667969,16.39000002543132,False,False,False,False,False,False,False,False,False,False,False,False,False,False,False,False,False,False,False,False,False,False,False,False,False,False,False,0.05778,0.0,0.1926,0.0,0.0,False
2016-06-01,0,67.41600036621094,16.290000915527344,49.68000030517578,8287.75,26999.720703125,8.0,5.47,7.8,6.5,100.8,11.5,3.4,0.15,7.1000000000000005,-0.2200000000000006,0.0,7.3,7.3,104.1,2016.0,June,FY17,0.07167,-0.0428,0.1926,-0.0551,0.0926,67.41600036621094,0.421546955612273,1.5790805962901944,49.68000030517578,25.45455105924321,False,1.564317849243224,7.099014067363862,1.4164741118501234,16.290000915527344,False,0.2400016784667968,16.29333368937175,False,False,False,False,False,False,False,False,False,False,False,False,False,False,False,False,False,False,False,False,False,False,False,False,False,False,False,0.05778,0.0,0.1926,0.0,0.0,False
2016-07-01,0,66.64800262451172,14.920000076293944,42.459999084472656,8638.5,28051.859375,4.5,6.07,7.5,6.5,105.5,11.2,3.4,0.15,6.6000000000000005,0.6000000000000005,0.0,7.8,8.0,100.8,2016.0,July,FY17,0.07167,-0.0428,0.1926,-0.0551,0.0926,66.64800262451172,-1.1391920872305894,0.3462967259928673,42.459999084472656,-11.78059808396471,False,4.232149859732748,10.04739248052584,1.4663407653018194,14.920000076293944,False,-1.3700008392333984,15.753333409627285,False,False,False,False,False,False,False,False,False,False,False,False,False,False,False,False,False,False,False,False,False,False,False,False,False,False,False,0.05778,0.0,0.1926,0.0,0.0,False
2016-08-01,0,67.12660217285156,13.239999771118164,47.040000915527344,8786.2001953125,28452.169921875,4.0,6.07,7.5,6.5,85.6,11.2,3.4,0.15,5.5,0.6000000000000005,0.0,7.8,4.5,105.5,2016.0,August,FY17,0.07167,-0.0428,0.1926,-0.0551,0.0926,67.12660217285156,0.7181003623412785,-0.0095348959576968,47.040000915527344,-4.506697288819838,False,1.709789839815934,7.672701194389497,1.5000438774865017,13.239999771118164,False,-1.6800003051757812,14.816666920979822,False,False,False,False,False,False,False,False,False,False,False,False,False,False,False,False,False,False,False,False,False,False,False,False,False,False,False,0.05778,0.0,0.1926,0.0,0.0,False
2016-09-01,0,66.81629943847656,17.18000030517578,49.060001373291016,8611.150390625,27865.9609375,5.0,6.07,7.5,6.5,104.3,11.2,3.4,0.15,4.5,0.6000000000000005,0.0,7.8,4.0,85.6,2016.0,September,FY17,0.07167,-0.0428,0.1926,-0.0551,0.0926,66.81629943847656,-0.4622649208073537,-0.8895528130959063,49.060001373291016,-1.2479849598957649,False,-1.9923266121444685,3.902149444963943,3.1308165506489334,17.18000030517578,False,3.940000534057617,15.113333384195968,False,False,False,False,False,False,False,False,False,False,False,False,False,False,False,False,False,False,False,False,False,False,False,False,False,False,False,0.05778,0.0,0.1926,0.0,0.0,False
2016-10-01,0,66.78140258789062,14.649999618530272,48.29999923706055,8638.0,27941.509765625,4.2,4.2,6.8,6.5,111.3,10.8,3.4,0.15,4.4,-1.87,0.0,7.5,5.0,104.3,2016.0,October,FY17,0.05669,-0.0428,0.1926,-0.0551,0.0926,66.78140258789062,-0.0522280504595573,0.2001559808633146,48.29999923706055,13.754122182078763,False,0.311800493047154,-0.0057880419054412,1.869449212755538,14.649999618530272,False,-2.530000686645508,15.023333231608078,False,False,False,False,False,False,False,False,False,False,False,False,False,False,False,False,False,False,False,False,False,False,False,False,False,False,False,0.0428,-0.0428,0.1926,0.0,0.0,True
2016-11-01,1,68.60800170898438,16.850000381469727,50.470001220703125,8224.5,26652.810546875,5.1,4.2,6.8,6.25,123.9,10.8,3.4,0.15,4.766666666666667,-1.87,-0.25,7.5,4.2,111.3,2016.0,November,FY17,0.05669,-0.0428,0.1926,-0.0551,0.0926,68.60800170898438,2.7351913112183768,2.2068740084865146,50.470001220703125,7.291667173508864,False,-4.78698772864089,-6.39298198113184,2.5533237750874487,16.850000381469727,False,2.200000762939453,16.226666768391933,False,False,False,False,False,False,False,False,False,False,False,False,False,False,False,False,False,False,False,False,False,False,False,False,False,False,False,0.0428,-0.0428,0.1926,0.0,0.0,True
2016-12-01,1,67.9448013305664,15.470000267028809,56.130001068115234,8185.7998046875,26626.4609375,2.4,4.2,6.8,6.25,105.4,10.8,3.4,0.15,3.9,-1.87,0.0,7.5,5.1,123.9,2016.0,December,FY17,0.05669,-0.0428,0.1926,-0.0551,0.0926,67.9448013305664,-0.966651646889638,1.6889619772028075,56.130001068115234,14.410924372034838,False,-0.4705476966684885,-4.939532659893842,2.745947455469313,15.470000267028809,False,-1.380000114440918,15.656666755676277,False,False,False,False,False,False,False,False,False,False,False,False,False,False,False,False,False,False,False,False,False,False,False,False,False,False,False,0.0428,-0.0428,0.1926,0.0,0.0,True
2017-01-01,1,67.82099914550781,16.829999923706055,55.25,8561.2998046875,27655.9609375,3.5,3.17,6.5,6.25,104.1,10.4,3.4,0.15,3.6666666666666665,-1.0300000000000002,0.0,6.8,2.4,105.4,2017.0,January,FY17,0.0209899999999999,-0.0428,0.1926,-0.0551,-0.1454,67.82099914550781,-0.1822099448878678,1.5567156683314431,55.25,14.389235761326312,False,4.587212110720995,-0.8879392835436262,4.691982726722096,16.829999923706055,False,1.359999656677246,16.383333524068203,False,False,False,False,False,False,False,False,False,False,False,False,False,False,False,False,False,False,False,False,False,False,False,False,False,False,False,0.0428,-0.0428,0.1926,0.0,0.0,True
2017-02-01,1,66.69319915771484,13.789999961853027,55.59000015258789,8879.599609375,28743.3203125,1.2,3.17,6.5,6.25,108.9,10.4,3.4,0.15,2.3666666666666667,-1.0300000000000002,0.0,6.8,3.5,104.1,2017.0,February,FY17,0.0934049999999999,-0.0153,0.4019,-0.0551,-0.1454,66.69319915771484,-1.6629067722421895,-2.790931820739484,55.59000015258789,10.144638018721718,False,3.717891114071525,7.965221100066877,2.7043074571188983,13.789999961853027,False,-3.039999961853028,15.363333384195968,False,False,False,False,False,False,False,False,False,False,False,False,False,False,False,False,False,False,False,False,False,False,False,False,False,False,False,0.11521499999999998,-0.0153,0.4019,0.0,0.0,True
2017-03-01,0,64.79000091552734,12.420000076293944,52.83000183105469,9173.75,29620.5,4.4,3.17,6.5,6.25,125.0,10.4,3.4,0.1,3.033333333333333,-1.0300000000000002,0.0,6.8,1.2,108.9,2017.0,March,FY17,0.0934049999999999,-0.0153,0.4019,-0.0551,-0.1454,64.79000091552734,-2.8536616420016814,-4.643181455031808,52.83000183105469,-5.87920750804175,False,3.312653763289486,12.069073503932517,0.6512085286464979,12.420000076293944,False,-1.369999885559082,14.346666653951011,False,False,False,False,False,False,False,False,False,False,False,False,False,False,False,False,False,False,False,False,False,False,False,False,False,False,False,0.11521499999999998,-0.0153,0.4019,0.0,0.0,True
2017-04-01,0,64.25830078125,10.859999656677246,51.72999954223633,9304.0498046875,29918.400390625,3.2,2.99,6.1,6.25,121.1,10.0,3.4,0.1,2.9333333333333336,-0.1799999999999997,0.0,6.5,4.4,125.0,2017.0,April,FY18,0.0934049999999999,-0.0153,0.4019,-0.0551,-0.1454,64.25830078125,-0.8206515307363049,-5.253090354234025,51.72999954223633,-6.371041552513434,False,1.4203548678294098,8.675668612765165,1.226355387793746,10.859999656677246,False,-1.5600004196166992,12.356666564941412,False,False,False,False,False,False,False,False,False,False,False,False,False,False,False,False,False,False,False,False,False,False,False,False,False,False,False,0.11521499999999998,-0.0153,0.4019,0.0,0.0,True
2017-05-01,0,64.61859893798828,11.760000228881836,50.310001373291016,9621.25,31145.80078125,2.9,2.99,6.1,6.25,114.6,10.0,3.4,0.08,3.5,-0.1799999999999997,0.0,6.5,3.2,121.1,2017.0,May,FY18,0.0934049999999999,-0.0153,0.4019,-0.0551,-0.1454,64.61859893798828,0.5607029011937659,-3.110662325285352,50.310001373291016,-9.498108949098594,False,3.409270177731538,8.352295410279243,1.1214509909979766,11.760000228881836,False,0.9000005722045898,11.679999987284347,False,False,False,False,False,False,False,False,False,False,False,False,False,False,False,False,False,False,False,False,False,False,False,False,False,False,False,0.11521499999999998,-0.0153,0.4019,0.0,0.0,True
2017-06-01,0,64.78510284423828,11.729999542236328,47.91999816894531,9520.900390625,30921.609375,-0.3,2.99,6.1,6.25,127.1,10.0,3.4,0.08,1.933333333333333,-0.1799999999999997,0.0,6.5,2.9,114.6,2017.0,June,FY18,0.0934049999999999,-0.0153,0.4019,-0.0551,-0.1454,64.78510284423828,0.2576717988110211,-0.0075599185365815,47.91999816894531,-9.293968373900686,False,-1.042999707678316,3.784171038288609,2.230344032026056,11.729999542236328,False,-0.0300006866455078,11.449999809265142,False,False,False,False,False,False,False,False,False,False,False,False,False,False,False,False,False,False,False,False,False,False,False,False,False,False,False,0.11521499999999998,-0.0153,0.4019,0.0,0.0,True
2017-07-01,0,64.12349700927734,11.899999618530272,52.650001525878906,10077.099609375,32514.939453125,1.0,2.36,5.7,6.25,125.2,9.8,3.6,0.12,1.2,-0.6300000000000003,0.0,6.1,-0.3,127.1,2017.0,July,FY18,0.0934049999999999,-0.0153,0.4019,-0.0551,-0.1454,64.12349700927734,-1.021231434256764,-0.2097842151655427,52.650001525878906,1.7784689576334056,False,5.841876250461309,8.308745341174205,3.491460926235563,11.899999618530272,False,0.1700000762939453,11.79666646321615,False,False,False,False,False,False,False,False,False,False,False,False,False,False,False,False,False,False,False,False,False,False,False,False,False,False,False,0.11521499999999998,-0.0153,0.4019,0.0,0.0,True
2017-08-01,0,63.976200103759766,11.949999809265137,52.380001068115234,9917.900390625,31730.490234375,4.8,2.36,5.7,6.25,136.2,9.8,3.6,0.12,1.8333333333333333,-0.6300000000000003,0.0,6.1,1.0,125.2,2017.0,August,FY18,0.1039399999999999,0.0148,0.4019,-0.0551,-0.1454,63.976200103759766,-0.2297081606392526,-0.9941392180987996,52.380001068115234,4.1144894420996,False,-1.57981189946651,3.0832832597115667,4.138662007682365,11.949999809265137,False,0.0500001907348632,11.859999656677251,False,False,False,False,False,False,False,False,False,False,False,False,False,False,False,False,False,False,False,False,False,False,False,False,False,False,False,0.12574999999999997,0.0148,0.4019,0.0,0.0,True
2017-09-01,0,65.36000061035156,12.489999771118164,57.540000915527344,9788.599609375,31283.720703125,4.1,2.36,5.7,6.0,121.9,9.8,3.6,0.2,3.2999999999999994,-0.6300000000000003,-0.25,6.1,4.8,136.2,2017.0,September,FY18,0.1039399999999999,0.0148,0.4019,-0.0551,-0.1454,65.36000061035156,2.162992650935003,0.8873919170823807,57.540000915527344,20.07513170736368,False,-1.3037112307784704,2.811700656101768,4.207475629283346,12.489999771118164,False,0.5399999618530273,12.113333066304529,False,False,False,False,False,False,False,False,False,False,False,False,False,False,False,False,False,False,False,False,False,False,False,False,False,False,False,0.12574999999999997,0.0148,0.4019,0.0,0.0,True
2017-10-01,0,64.84239959716797,12.4399995803833,61.35,10335.2998046875,33213.12890625,1.8,3.58,6.3,6.0,128.0,9.5,3.8,0.2,3.5666666666666664,1.2200000000000002,0.0,5.7,4.1,121.9,2017.0,October,FY18,0.1039399999999999,0.0148,0.4019,-0.0551,-0.1454,64.84239959716797,-0.7919232073899551,1.1211219309929632,61.35,16.524213147163547,False,5.585070562993511,2.56224712785702,4.059291540862797,12.4399995803833,False,-0.0500001907348632,12.293333053588873,False,False,False,False,False,False,False,False,False,False,False,False,False,False,False,False,False,False,False,False,False,False,False,False,False,False,False,0.12574999999999997,0.0148,0.4019,0.0,0.0,True
2017-11-01,0,64.41480255126953,13.550000190734863,63.56999969482422,10226.5498046875,33149.3515625,8.5,3.58,6.3,6.0,129.9,9.5,3.8,0.2,4.8,1.2200000000000002,0.0,5.7,1.8,128.0,2017.0,November,FY18,0.1039399999999999,0.0148,0.4019,-0.0551,-0.1454,64.41480255126953,-0.6594405027495531,0.6855712699385341,63.56999969482422,21.36311263559818,False,-1.0522191136698056,3.1120438994754807,3.906664756948772,13.550000190734863,False,1.1100006103515625,12.82666651407878,False,False,False,False,False,False,False,False,False,False,False,False,False,False,False,False,False,False,False,False,False,False,False,False,False,False,False,0.12574999999999997,0.0148,0.4019,0.0,0.0,True
2017-12-01,0,63.84080123901367,12.670000076293944,66.5999984741211,10530.7001953125,34056.828125,7.3,3.58,6.3,6.0,121.6,9.5,3.8,0.2,5.866666666666666,1.2200000000000002,0.0,5.7,8.5,129.9,2017.0,December,FY18,0.1039399999999999,0.0148,0.4019,-0.0551,-0.1454,63.84080123901367,-0.8911015628729091,-2.3243564215898798,66.5999984741211,15.74556380681058,False,2.9741251588643047,7.581274294095719,3.3437029960871487,12.670000076293944,False,-0.880000114440918,12.88666661580404,False,False,False,False,False,False,False,False,False,False,False,False,False,False,False,False,False,False,False,False,False,False,False,False,False,False,False,0.12574999999999997,0.0148,0.4019,0.0,0.0,True
2018-01-01,0,63.769901275634766,15.93000030517578,69.05000305175781,11027.7001953125,35965.01953125,7.5,5.07,7.2,6.0,141.7,10.2,4.0,0.2,7.766666666666666,1.4900000000000002,0.0,6.3,7.3,121.6,2018.0,January,FY18,0.1039399999999999,0.0148,0.4019,-0.0551,-0.1454,63.769901275634766,-0.1110574460265079,-1.6540077606567285,69.05000305175781,12.550942219654138,False,4.719534226425215,6.6993740260052,2.9600404736250394,15.93000030517578,False,3.260000228881836,14.050000190734869,False,False,False,False,False,False,False,False,False,False,False,False,False,False,False,False,False,False,False,False,False,False,False,False,False,False,False,0.12574999999999997,0.0148,0.4019,0.0,0.0,True
2018-02-01,0,64.91000366210938,13.8100004196167,65.77999877929688,10492.849609375,34184.0390625,6.9,5.07,7.2,6.0,143.9,10.2,4.0,0.2,7.233333333333333,1.4900000000000002,0.0,6.3,7.5,141.7,2018.0,February,FY18,0.088015,-0.0079,0.3753,-0.0551,-0.1454,64.91000366210938,1.7878377787456712,0.7687691201811786,65.77999877929688,3.4764811940884544,False,-4.850064623309647,2.6040043785386717,5.096430461696468,13.8100004196167,False,-2.119999885559082,14.13666693369548,False,False,False,False,False,False,False,False,False,False,False,False,False,False,False,False,False,False,False,False,False,False,False,False,False,False,False,0.10982499999999999,-0.0079,0.3753,0.0,0.0,True
2018-03-01,0,65.0698013305664,15.760000228881836,70.2699966430664,10113.7001953125,32968.6796875,5.3,5.07,7.2,6.0,143.8,10.2,4.0,0.05,6.5666666666666655,1.4900000000000002,0.0,6.3,6.9,143.9,2018.0,March,FY18,0.088015,-0.0079,0.3753,-0.0551,-0.1454,65.0698013305664,0.2461834223409731,1.925101295253917,70.2699966430664,5.510507887430927,False,-3.61340749345862,-3.959850648731,5.204876891093567,15.760000228881836,False,1.9499998092651367,15.16666698455811,False,False,False,False,False,False,False,False,False,False,False,False,False,False,False,False,False,False,False,False,False,False,False,False,False,False,False,0.10982499999999999,-0.0079,0.3753,0.0,0.0,True
2018-04-01,0,66.61000061035156,12.359999656677246,75.92,10739.349609375,35160.359375,4.5,4.58,8.1,6.0,143.9,10.8,4.2,0.05,5.5666666666666655,-0.4900000000000002,0.0,7.2,5.3,143.8,2018.0,April,FY19,0.088015,-0.0079,0.3753,-0.0551,-0.1454,66.61000061035156,2.366995516031567,4.453667447971954,75.92,9.949307233328652,False,6.186157410049353,-2.6147844140709253,6.046472662146026,12.359999656677246,False,-3.40000057220459,13.976666768391931,False,False,False,False,False,False,False,False,False,False,False,False,False,False,False,False,False,False,False,False,False,False,False,False,False,False,False,0.10982499999999999,-0.0079,0.3753,0.0,0.0,True
2018-05-01,0,67.43000030517578,13.220000267028809,77.58999633789062,10736.150390625,35322.37890625,3.8,4.58,8.1,6.0,134.5,10.8,4.2,0.05,4.533333333333332,-0.4900000000000002,0.0,7.2,4.5,143.9,2018.0,May,FY19,0.088015,-0.0079,0.3753,-0.0551,-0.1454,67.43000030517578,1.231045919997764,3.882293176540719,77.58999633789062,17.953781966792537,False,-0.0297896880757764,2.3187293281380805,4.958356367450349,13.220000267028809,False,0.8600006103515625,13.780000050862634,False,False,False,False,False,False,False,False,False,False,False,False,False,False,False,False,False,False,False,False,False,False,False,False,False,False,False,0.10982499999999999,-0.0079,0.3753,0.0,0.0,True
2018-06-01,0,68.79669952392578,12.9399995803833,79.44000244140625,10714.2998046875,35423.48046875,7.0,4.58,8.1,6.0,146.9,10.8,4.2,0.05,5.099999999999999,-0.4900000000000002,0.0,7.2,3.8,134.5,2018.0,June,FY19,0.088015,-0.0079,0.3753,-0.0551,-0.1454,68.79669952392578,2.0268414838567006,5.7275389153657486,79.44000244140625,13.049674450560332,False,-0.2035234710998534,5.938475511201791,3.639968029094435,12.9399995803833,False,-0.2800006866455078,12.839999834696457,False,False,False,False,False,False,False,False,False,False,False,False,False,False,False,False,False,False,False,False,False,False,False,False,False,False,False,0.10982499999999999,-0.0079,0.3753,0.0,0.0,True
2018-07-01,0,68.68499755859375,12.479999542236328,74.16,11356.5,37606.578125,6.5,4.17,7.0,6.25,150.0,11.4,4.5,-0.15,5.766666666666666,-0.4100000000000001,0.25,8.1,7.0,146.9,2018.0,July,FY19,0.088015,-0.0079,0.3753,-0.0551,-0.1454,68.68499755859375,-0.1623652967439048,3.115143265619058,74.16,-2.3182297154899945,False,5.993860607032264,5.746627245343183,3.528978032353572,12.479999542236328,False,-0.4600000381469726,12.879999796549484,False,False,False,False,False,False,False,False,False,False,False,False,False,False,False,False,False,False,False,False,False,False,False,False,False,False,False,0.10982499999999999,-0.0079,0.3753,0.0,0.0,True
2018-08-01,0,71.40499877929688,12.600000381469728,77.41999816894531,11680.5,38645.0703125,4.8,4.17,7.0,6.5,147.7,11.4,4.5,-0.2,6.099999999999999,-0.4100000000000001,0.25,8.1,6.5,150.0,2018.0,August,FY19,0.2181799999999999,0.364,0.3753,-0.0551,-0.1454,71.40499877929688,3.9601096562357,5.894999934941403,77.41999816894531,-0.219098049966393,False,2.852991678774264,8.795979704230117,3.098787717204691,12.600000381469728,False,0.1200008392333984,12.67333316802979,False,False,False,False,False,False,False,False,False,False,False,False,False,False,False,False,False,False,False,False,False,False,False,False,False,False,False,0.23998999999999998,0.364,0.3753,0.0,0.0,True
2018-09-01,0,72.51000213623047,17.0,82.72000122070312,10930.4501953125,36227.140625,4.6,4.17,7.0,6.5,156.4,11.4,4.5,-0.2,5.299999999999999,-0.4100000000000001,0.0,8.1,4.8,147.7,2018.0,September,FY19,0.2181799999999999,0.364,0.3753,-0.0551,-0.1454,72.51000213623047,1.547515406237876,5.397501098164304,82.72000122070312,4.128900652685852,False,-6.421384398677288,2.0174009927408587,6.45519710262331,17.0,False,4.399999618530273,14.026666641235355,False,False,False,False,False,False,False,False,False,False,False,False,False,False,False,False,False,False,False,False,False,False,False,False,False,False,False,0.23998999999999998,0.364,0.3753,0.0,0.0,True
2018-10-01,0,73.6500015258789,19.799999237060547,75.47000122070312,10386.599609375,34442.05078125,8.4,3.38,6.6,6.5,164.2,12.0,5.2,-0.2,5.933333333333333,-0.79,0.0,7.0,4.6,156.4,2018.0,October,FY19,0.2181799999999999,0.364,0.3753,-0.0551,-0.1454,73.6500015258789,1.5721960502864452,7.228658577223679,75.47000122070312,1.7664525629761618,False,-4.975555226176587,-8.540486863250141,4.989833334976825,19.799999237060547,False,2.799999237060547,16.466666539510097,False,False,False,False,False,False,False,False,False,False,False,False,False,False,False,False,False,False,False,False,False,False,False,False,False,False,False,0.23998999999999998,0.364,0.3753,0.0,0.0,True
2018-11-01,0,69.91999816894531,19.15999984741211,58.709999084472656,10876.75,36194.30078125,0.2,3.38,6.6,6.5,181.1,12.0,5.2,-0.2,4.4,-0.79,0.0,7.0,8.4,164.2,2018.0,November,FY19,0.2181799999999999,0.364,0.3753,-0.0551,-0.1454,69.91999816894531,-5.064498682492157,-2.079687186805357,58.709999084472656,-24.16688133167329,False,4.7190650362856745,-6.881126664098291,6.057855748837825,19.15999984741211,False,-0.6399993896484375,18.65333302815756,False,False,False,False,False,False,False,False,False,False,False,False,False,False,False,False,False,False,False,False,False,False,False,False,False,False,False,0.23998999999999998,0.364,0.3753,0.0,0.0,True
2018-12-01,0,69.92250061035156,16.0,53.79999923706055,10862.5498046875,36068.328125,2.5,3.38,6.6,6.5,165.9,12.0,5.2,-0.2,3.6999999999999993,-0.79,0.0,7.0,0.2,181.1,2018.0,December,FY19,0.2181799999999999,0.364,0.3753,-0.0551,-0.1454,69.92250061035156,0.0035790066816199,-3.568475313264441,53.79999923706055,-34.961317162558856,False,-0.1305554996896996,-0.6212039706664507,4.847310314768321,16.0,False,-3.1599998474121094,18.319999694824222,False,False,False,False,False,False,False,False,False,False,False,False,False,False,False,False,False,False,False,False,False,False,False,False,False,False,False,0.23998999999999998,0.364,0.3753,0.0,0.0,True
2019-01-01,0,71.12000274658203,17.1200008392334,61.88999938964844,10830.9501953125,36256.69140625,1.6,2.05,6.3,6.5,168.6,11.6,5.8,-0.2,1.433333333333333,-1.33,0.0,6.6,2.5,165.9,2019.0,January,FY19,0.2181799999999999,0.364,0.3753,-0.0551,-0.1454,71.12000274658203,1.7126134302656526,-3.435164598615648,61.88999938964844,-17.993906998015774,False,-0.2909041610227092,4.278114134065869,2.847347373554441,17.1200008392334,False,1.1200008392333984,17.426666895548507,False,False,False,False,False,False,False,False,False,False,False,False,False,False,False,False,False,False,False,False,False,False,False,False,False,False,False,0.23998999999999998,0.364,0.3753,0.0,0.0,True
2019-02-01,0,71.19000244140625,18.280000686645508,66.02999877929688,10792.5,35867.44140625,0.2,2.05,6.3,6.5,167.0,11.6,5.8,-0.2,1.433333333333333,-1.33,0.0,6.6,1.6,168.6,2019.0,February,FY19,0.07889,-0.0314,0.3723,-0.0551,-0.1454,71.19000244140625,0.0984247639495228,1.816367714129896,66.02999877929688,12.468063036914923,False,-0.3550029740616911,-0.7745879973337533,0.1156121531792588,18.280000686645508,False,1.1599998474121094,17.13333384195964,False,False,False,False,False,False,False,False,False,False,False,False,False,False,False,False,False,False,False,False,False,False,False,False,False,False,False,0.1007,-0.0314,0.3723,0.0,0.0,True
2019-03-01,0,69.43000030517578,17.18000030517578,68.38999938964844,11623.900390625,38672.91015625,2.7,2.05,6.3,6.25,150.2,11.6,5.8,0.18,1.4999999999999991,-1.33,-0.25,6.6,0.2,167.0,2019.0,March,FY19,0.07889,-0.0314,0.3723,-0.0551,-0.1454,69.43000030517578,-2.4722602554748563,-0.7043516763227231,68.38999938964844,27.118959776002114,False,7.703501418809355,7.008949092311245,4.634186773005684,17.18000030517578,False,-1.1000003814697266,17.526667277018234,False,False,False,False,False,False,False,False,False,False,False,False,False,False,False,False,False,False,False,False,False,False,False,False,False,False,False,0.1007,-0.0314,0.3723,0.0,0.0,True
2019-04-01,0,69.81179809570312,21.82999992370605,72.80000305175781,11748.150390625,39031.55078125,3.2,2.99,5.8,6.25,170.6,11.2,6.2,0.18,2.0333333333333328,0.9400000000000004,0.0,6.3,2.7,150.2,2019.0,April,FY20,0.07889,-0.0314,0.3723,-0.0551,-0.1454,69.81179809570312,0.549903195807544,-1.8394327901537944,72.80000305175781,17.628055856685233,False,1.0689183133417934,8.468326220440492,4.300866925516264,21.82999992370605,False,4.649999618530273,19.096666971842453,False,False,False,False,False,False,False,False,False,False,False,False,False,False,False,False,False,False,False,False,False,False,False,False,False,False,False,0.1007,-0.0314,0.3723,0.0,0.0,True
2019-05-01,0,69.9800033569336,16.06999969482422,64.48999786376953,11922.7998046875,39714.19921875,4.5,2.99,5.8,6.0,172.9,11.2,6.2,0.22,3.4666666666666663,0.9400000000000004,-0.25,6.3,3.2,170.6,2019.0,May,FY20,0.07889,-0.0314,0.3723,-0.0551,-0.1454,69.9800033569336,0.2409410240370446,-1.6996755765931626,64.48999786376953,-2.3322746387967497,False,1.486612004915,10.473011857192493,3.7157743694490577,16.06999969482422,False,-5.760000228881836,18.35999997456869,False,False,False,False,False,False,False,False,False,False,False,False,False,False,False,False,False,False,False,False,False,False,False,False,False,False,False,0.1007,-0.0314,0.3723,0.0,0.0,True
2019-06-01,0,69.32499694824219,14.949999809265137,66.55000305175781,11788.849609375,39394.640625,1.3,2.99,5.8,6.0,198.1,11.2,6.2,0.22,3.0,0.9400000000000004,0.0,6.3,4.5,172.9,2019.0,June,FY20,0.07889,-0.0314,0.3723,-0.0551,-0.1454,69.32499694824219,-0.9359908220503256,-0.1512362904681818,66.55000305175781,-2.690446489708742,False,-1.1234793631260789,1.4190522389802671,1.4020016964614357,14.949999809265137,False,-1.119999885559082,17.616666475931808,False,False,False,False,False,False,False,False,False,False,False,False,False,False,False,False,False,False,False,False,False,False,False,False,False,False,False,0.1007,-0.0314,0.3723,0.0,0.0,True
2019-07-01,1,69.07749938964844,13.59000015258789,65.16999816894531,11118.0,37481.12109375,4.9,3.15,5.0,5.75,118.1,10.5,7.2,0.25,3.5666666666666664,0.1599999999999997,-0.25,5.8,1.3,198.1,2019.0,July,FY20,0.07889,-0.0314,0.3723,-0.0551,-0.1454,69.07749938964844,-0.3570105582240912,-1.0518260896933973,65.16999816894531,-10.480775498577763,False,-5.690543450834351,-5.363826386899673,3.632772397833142,13.59000015258789,False,-1.359999656677246,14.869999885559087,False,False,False,False,False,False,False,False,False,False,False,False,False,False,False,False,False,False,False,False,False,False,False,False,False,False,False,0.1007,-0.0314,0.3723,0.0,0.0,True
2019-08-01,1,71.6801986694336,16.280000686645508,60.43000030517578,11023.25,37332.7890625,-1.4,3.15,5.0,5.75,110.9,10.5,7.2,0.25,1.5999999999999996,0.1599999999999997,0.0,5.8,4.9,118.1,2019.0,August,FY20,0.05985,-0.0858,0.3723,-0.0551,-0.1454,71.6801986694336,3.767796030229764,2.4295444854841364,60.43000030517578,-6.295546120454532,False,-0.852221622593996,-7.544786622466315,2.7184865046768407,16.280000686645508,False,2.690000534057617,14.940000216166183,False,False,False,False,False,False,False,False,False,False,False,False,False,False,False,False,False,False,False,False,False,False,False,False,False,False,False,0.08166,-0.0858,0.3723,0.0,0.0,True
2019-09-01,1,70.49870300292969,15.869999885559082,60.99,11474.4501953125,38667.328125,-4.6,3.15,5.0,5.4,107.1,10.5,7.2,0.3,-0.3666666666666668,0.1599999999999997,-0.3499999999999996,5.8,-1.4,110.9,2019.0,September,FY20,0.05985,-0.0858,0.3723,-0.0551,-0.1454,70.49870300292969,-1.648287377037816,1.6930488371514674,60.99,-8.354624788572341,False,4.093168487628418,-2.6669219175760595,4.891953610279025,15.869999885559082,False,-0.4100008010864258,15.246666908264164,False,False,False,False,False,False,False,False,False,False,False,False,False,False,False,False,False,False,False,False,False,False,False,False,False,False,False,0.08166,-0.0858,0.3723,0.0,0.0,True
2019-10-01,1,70.98999786376953,16.280000686645508,60.22999954223633,11877.4501953125,40129.05078125,-6.6,4.62,4.2,5.4,92.9,9.8,7.5,0.3,-4.2,1.4700000000000002,0.0,5.0,-4.6,107.1,2019.0,October,FY20,0.05985,-0.0858,0.3723,-0.0551,-0.1454,70.98999786376953,0.6968849637126295,2.7686272534753757,60.22999954223633,-7.580173032846549,False,3.512150849411788,6.830816651488569,2.703152847836712,16.280000686645508,False,0.4100008010864258,16.14333375295004,False,False,False,False,False,False,False,False,False,False,False,False,False,False,False,False,False,False,False,False,False,False,False,False,False,False,False,0.08166,-0.0858,0.3723,0.0,0.0,True
2019-11-01,1,71.72200012207031,13.899999618530272,62.43000030517578,12056.0498046875,40793.80859375,2.1,4.62,4.2,5.15,108.5,9.8,7.5,0.28,-3.033333333333333,1.4700000000000002,-0.25,5.0,-6.6,92.9,2019.0,November,FY20,0.05985,-0.0858,0.3723,-0.0551,-0.1454,71.72200012207031,1.0311343574139764,0.0583165970695631,62.43000030517578,3.30961441320512,False,1.5036864515372672,9.36928587020618,1.3587327397669104,13.899999618530272,False,-2.3800010681152344,15.350000063578292,False,False,False,False,False,False,False,False,False,False,False,False,False,False,False,False,False,False,False,False,False,False,False,False,False,False,False,0.08166,-0.0858,0.3723,0.0,0.0,True
2019-12-01,0,71.31099700927734,11.670000076293944,67.77,12168.4501953125,41253.73828125,0.4,4.62,4.2,5.15,119.7,9.8,7.5,0.28,-1.366666666666667,1.4700000000000002,0.0,5.0,2.1,108.5,2019.0,December,FY20,0.05985,-0.0858,0.3723,-0.0551,-0.1454,71.31099700927734,-0.5730502664363035,1.1522112772966997,67.77,11.116576487948835,False,0.9323152479122854,6.048220073180621,1.3549874550849546,11.670000076293944,False,-2.229999542236328,13.95000012715658,False,False,False,False,False,False,False,False,False,False,False,False,False,False,False,False,False,False,False,False,False,False,False,False,False,False,False,0.08166,-0.0858,0.3723,0.0,0.0,True
2020-01-01,0,71.63999938964844,17.3700008392334,58.15999984741211,11962.099609375,40723.48828125,2.2,7.59,4.3,5.15,185.4,9.2,7.2,0.28,1.5666666666666664,2.97,0.0,4.2,0.4,119.7,2020.0,January,FY20,0.05985,-0.0858,0.3723,-0.0551,-0.1454,71.63999938964844,0.4613627549314714,0.9156240955609852,58.15999984741211,-3.436825021678158,False,-1.695783625896663,0.7126901201060187,1.7063595517574317,17.3700008392334,False,5.700000762939453,14.313333511352544,False,False,False,False,False,False,False,False,False,False,False,False,False,False,False,False,False,False,False,False,False,False,False,False,False,False,False,0.08166,-0.0858,0.3723,0.0,0.0,True
2020-02-01,0,72.1500015258789,23.239999771118164,50.52000045776367,11201.75,38297.2890625,5.2,7.59,4.3,5.15,168.4,9.2,7.2,0.28,2.6,2.97,0.0,4.2,2.2,185.4,2020.0,February,FY20,0.02226,-0.0858,0.247,-0.0551,-0.1454,72.1500015258789,0.7118957852813246,0.5967505132039586,50.52000045776367,-19.077366312978704,False,-6.35632233641571,-7.086067314978573,3.6912455575871537,23.239999771118164,False,5.869998931884766,17.426666895548507,False,False,False,False,False,False,False,False,False,False,False,False,False,False,False,False,False,False,False,False,False,False,False,False,False,False,False,0.04730999999999999,-0.0858,0.2578,0.0,0.0,True
2020-03-01,1,75.4000015258789,64.41000366210938,14.85,8597.75,29468.490234375,-18.7,7.59,4.3,5.15,65.6,9.2,7.2,0.28,-3.766666666666667,2.97,0.0,4.2,5.2,168.4,2020.0,March,FY20,-0.1060149999999999,-0.4523,0.247,-0.0551,-0.1454,75.4000015258789,4.504504409240084,5.734044801069871,14.85,-78.08764940239044,False,-23.24636775503828,-29.34391921732149,11.338885392184654,64.41000366210938,False,41.17000389099121,35.00666809082032,False,False,False,False,False,False,False,False,False,False,False,False,False,False,False,False,False,False,False,False,False,False,False,False,False,False,False,-0.08096499999999998,-0.4523,0.2578,0.0,0.0,True
2020-04-01,1,75.25849914550781,33.9900016784668,25.270000457763672,9859.900390625,33717.62109375,-57.3,7.22,-23.9,4.4,80.7,7.5,23.5,-0.72,-23.6,-0.3700000000000001,-0.75,4.3,-18.7,65.6,2020.0,April,FY21,-0.1170349999999999,-0.4523,0.247,-0.0551,-0.1454,75.25849914550781,-0.1876689356863248,5.050948892640861,25.270000457763672,-56.55089318421296,False,14.680008032624814,-17.573831412526065,19.00092458287924,33.9900016784668,False,-30.420001983642575,40.54666837056478,False,False,False,False,False,False,False,False,False,False,False,False,False,False,False,False,False,False,False,False,False,False,False,False,False,False,False,-0.09198499999999998,-0.4523,0.2578,-0.0551,0.0,True
2020-05-01,1,75.51319885253906,30.21999931335449,35.33000183105469,9580.2998046875,32424.099609375,-33.4,7.22,-23.9,4.4,95.1,7.5,23.5,-0.72,-36.46666666666667,-0.3700000000000001,0.0,4.3,-57.3,80.7,2020.0,May,FY21,-0.0844149999999999,-0.3591,0.247,-0.0551,-0.1454,75.51319885253906,0.3384331469842516,4.66139605756466,35.33000183105469,-30.067297088424027,False,-2.8357343873711915,-14.474972172316823,18.981592694766203,30.21999931335449,False,-3.7700023651123047,42.87333488464356,False,False,False,False,False,False,False,False,False,False,False,False,False,False,False,False,False,False,False,False,False,False,False,False,False,False,False,-0.059365,-0.3591,0.2578,-0.0551,0.0,True
2020-06-01,1,75.69999694824219,29.1200008392334,41.150001525878906,10302.099609375,34915.80078125,-16.6,7.22,-23.9,4.0,89.6,7.5,23.5,-0.68,-35.766666666666666,-0.3700000000000001,-0.4000000000000003,4.3,-33.4,95.1,2020.0,June,FY21,-0.0844149999999999,-0.3591,0.247,-0.0551,-0.1454,75.69999694824219,0.2473714510067282,0.3978719048968626,41.150001525878906,177.10438737965592,False,7.534208943381238,19.82320501730104,8.807188369266873,29.1200008392334,False,-1.0999984741210938,31.11000061035157,False,False,False,False,False,False,False,False,False,False,False,False,False,False,False,False,False,False,False,False,False,False,False,False,False,False,False,-0.059365,-0.3591,0.2578,-0.0551,0.0,True
2020-07-01,1,74.98999786376953,24.190000534057617,43.29999923706055,11073.4501953125,37606.890625,-10.5,6.93,-7.4,4.0,87.9,6.8,11.0,-0.68,-20.166666666666668,-0.29,0.0,-23.9,-16.6,89.6,2020.0,July,FY21,-0.0844149999999999,-0.3591,0.247,-0.0551,-0.1454,74.98999786376953,-0.937911642134015,-0.3567720387555817,43.29999923706055,71.34942007394203,False,7.487314384298549,12.307931689060148,5.973598297577993,24.190000534057617,False,-4.930000305175781,27.84333356221517,False,False,False,False,False,False,False,False,False,False,False,False,False,False,False,False,False,False,False,False,False,False,False,False,False,False,False,-0.059365,-0.3591,0.2578,-0.0551,0.0,True
2020-08-01,1,73.12830352783203,22.84000015258789,45.27999877929688,11387.5,38628.2890625,-7.1,6.93,-7.4,4.0,88.1,6.8,11.0,-0.68,-11.4,-0.29,0.0,-23.9,-10.5,87.9,2020.0,August,FY21,-0.0844149999999999,-0.3591,0.247,-0.0551,-0.1454,73.12830352783203,-2.482590197321444,-3.158249631781873,45.27999877929688,28.16302415103824,False,2.836061021166114,18.863712327961423,2.6990415226747966,22.84000015258789,False,-1.3500003814697266,25.38333384195964,False,False,False,False,False,False,False,False,False,False,False,False,False,False,False,False,False,False,False,False,False,False,False,False,False,False,False,-0.059365,-0.3591,0.2578,-0.0551,0.0,True
2020-09-01,1,73.84500122070312,19.530000686645508,40.95000076293945,11247.5498046875,38067.9296875,1.0,6.93,-7.4,4.0,173.2,6.8,11.0,-0.45,-5.533333333333334,-0.29,0.0,-23.9,-7.1,88.1,2020.0,September,FY21,-0.0844149999999999,-0.3591,0.247,-0.0551,-0.1454,73.84500122070312,0.9800551336437424,-2.450456806236556,40.95000076293945,-0.4860285674927023,False,-1.228980858946216,9.177257366567629,4.361431838714764,19.530000686645508,False,-3.309999465942383,22.186667124430343,False,False,False,False,False,False,False,False,False,False,False,False,False,False,False,False,False,False,False,False,False,False,False,False,False,False,False,-0.059365,-0.3591,0.2578,-0.0551,0.0,True
2020-10-01,1,74.26399993896484,24.75,37.459999084472656,11642.400390625,39614.0703125,4.5,7.61,0.5,4.0,165.8,7.2,7.0,-0.45,-0.5333333333333332,0.6800000000000006,0.0,-7.4,1.0,173.2,2020.0,October,FY21,-0.0844149999999999,-0.3591,0.247,-0.0551,-0.1454,74.26399993896484,0.5674029539378678,-0.9681263441606802,37.459999084472656,-13.487298511519196,False,3.5105475663058883,5.137966805985572,2.563936663297749,24.75,False,5.219999313354492,22.373333613077804,False,False,False,False,False,False,False,False,False,False,False,False,False,False,False,False,False,False,False,False,False,False,False,False,False,False,False,-0.059365,-0.3591,0.2578,-0.0551,0.0,True
2020-11-01,0,73.94090270996094,19.81999969482422,46.84,12968.9501953125,44149.71875,-1.6,7.61,0.5,4.0,153.8,7.2,7.0,-0.3,1.3,0.6800000000000006,0.0,-7.4,4.5,165.8,2020.0,November,FY21,-0.0844149999999999,-0.3591,0.247,-0.0551,-0.1454,73.94090270996094,-0.4350657509283762,1.111196544877635,46.84,3.44523247075792,False,11.39412629852259,13.887597763446768,6.376477314183384,19.81999969482422,False,-4.930000305175781,21.36666679382325,False,False,False,False,False,False,False,False,False,False,False,False,False,False,False,False,False,False,False,False,False,False,False,False,False,False,False,-0.059365,-0.3591,0.2578,-0.0551,0.0,True
2020-12-01,0,73.13400268554688,21.100000381469727,51.79999923706055,13981.75,47751.328125,2.2,7.61,0.5,4.0,168.3,7.2,7.0,-0.3,1.7,0.6800000000000006,0.0,-7.4,-1.6,153.8,2020.0,December,FY21,-0.0844149999999999,-0.3591,0.247,-0.0551,-0.1454,73.13400268554688,-1.0912769452912865,-0.9628255445907064,51.79999923706055,26.49572227588468,False,7.809420110608234,24.309296182649497,3.947176991912212,21.100000381469727,False,1.2800006866455078,21.89000002543132,False,False,False,False,False,False,False,False,False,False,False,False,False,False,False,False,False,False,False,False,False,False,False,False,False,False,False,-0.059365,-0.3591,0.2578,-0.0551,0.0,True
2021-01-01,0,72.90660095214844,25.34000015258789,55.880001068115234,13634.599609375,46285.76953125,-0.6,4.06,1.6,4.0,155.2,7.8,6.5,-0.3,3.700743415417188e-17,-3.5500000000000007,0.0,0.5,2.2,168.3,2021.0,January,FY21,-0.0844149999999999,-0.3591,0.247,-0.0551,-0.1454,72.90660095214844,-0.3109384486668864,-1.827802148998181,55.880001068115234,49.17245711113152,False,-2.482882261698282,17.11158482707922,7.203621463739617,25.34000015258789,False,4.239999771118164,22.086666742960617,False,False,False,False,False,False,False,False,False,False,False,False,False,False,False,False,False,False,False,False,False,False,False,False,False,False,False,-0.059365,-0.3591,0.2578,-0.0551,0.0,True
2021-02-01,0,73.59590148925781,28.13999938964844,66.12999725341797,14529.150390625,49099.98828125,-3.2,4.06,1.6,4.0,168.7,7.8,6.5,-0.3,-0.5333333333333333,-3.5500000000000007,0.0,0.5,-0.6,155.2,2021.0,February,FY21,0.038065,-0.0041,0.2411,-0.0551,-0.1454,73.59590148925781,0.945456965634417,-0.4665904905927664,66.12999725341797,41.18274392275399,False,6.560887791929848,12.030273629059195,5.616643390505748,28.13999938964844,False,2.799999237060547,24.85999997456869,False,False,False,False,False,False,False,False,False,False,False,False,False,False,False,False,False,False,False,False,False,False,False,False,False,False,False,0.06122499999999999,-0.0041,0.2456,-0.0551,0.0,True
2021-03-01,0,73.44529724121094,20.649999618530277,63.540000915527344,14690.7001953125,49509.1484375,24.2,4.06,1.6,4.0,152.7,7.8,6.5,-0.3,6.8,-3.5500000000000007,0.0,0.5,-3.2,168.7,2021.0,March,FY21,0.038065,-0.0041,0.2411,-0.0551,-0.1454,73.44529724121094,-0.204636732480079,0.4256495531941962,63.540000915527344,22.66409623818557,False,1.11190124917242,5.070539777298966,4.553454725372086,20.649999618530277,False,-7.489999771118164,24.70999972025554,False,False,False,False,False,False,False,False,False,False,False,False,False,False,False,False,False,False,False,False,False,False,False,False,False,False,False,0.06122499999999999,-0.0041,0.2456,-0.0551,0.0,True
2021-04-01,0,74.10579681396484,23.030000686645508,67.25,14631.099609375,48782.359375,24.2,4.29,20.1,4.0,175.2,8.2,8.2,-0.3,10.5,0.2300000000000004,0.0,1.6,24.2,152.7,2021.0,April,FY22,0.136825,-0.0041,0.2411,0.4387,-0.1454,74.10579681396484,0.8993081893108545,1.6448385278631903,67.25,20.347170212157373,False,-0.4057028265849305,7.30861212319589,3.663512916129472,23.030000686645508,False,2.3800010681152344,23.939999898274746,False,False,False,False,False,False,False,False,False,False,False,False,False,False,False,False,False,False,False,False,False,False,False,False,False,False,False,0.159985,-0.0041,0.2456,0.4387,0.0,True
2021-05-01,0,72.39350128173828,17.399999618530273,69.62999725341797,15582.7998046875,51937.44140625,27.6,4.29,20.1,4.0,149.7,8.2,8.2,-0.25,25.9,0.2300000000000004,0.0,1.6,24.2,175.2,2021.0,May,FY22,0.136825,-0.0041,0.2411,0.4387,-0.1454,72.39350128173828,-2.3106094338680494,-1.633786913657187,69.62999725341797,5.292605693884411,False,6.504638890590897,7.251968530399222,3.631748065052316,17.399999618530273,False,-5.630001068115234,20.35999997456869,False,False,False,False,False,False,False,False,False,False,False,False,False,False,False,False,False,False,False,False,False,False,False,False,False,False,False,0.159985,-0.0041,0.2456,0.4387,0.0,True
2021-06-01,0,74.28759765625,13.050000190734863,75.12999725341797,15721.5,52482.7109375,13.8,4.29,20.1,4.0,151.9,8.2,8.2,-0.25,20.700000000000003,0.2300000000000004,0.0,1.6,27.6,149.7,2021.0,June,FY22,0.136825,-0.0041,0.2411,0.4387,-0.1454,74.28759765625,2.6163900639925464,1.1468405012682537,75.12999725341797,18.24047241248681,False,0.8900852032429851,7.016682601802793,3.673216174201608,13.050000190734863,False,-4.34999942779541,17.82666683197022,False,False,False,False,False,False,False,False,False,False,False,False,False,False,False,False,False,False,False,False,False,False,False,False,False,False,False,0.159985,-0.0041,0.2456,0.4387,0.0,True
2021-07-01,0,74.25199890136719,12.800000190734863,76.33000183105469,15763.0498046875,52586.83984375,11.5,5.59,8.4,4.0,160.9,9.0,7.5,-0.25,17.633333333333336,1.2999999999999998,0.0,20.1,13.8,151.9,2021.0,July,FY22,0.136825,-0.0041,0.2411,0.4387,-0.1454,74.25199890136719,-0.0479201858802014,0.19728832788799,76.33000183105469,13.501861458817377,False,0.2642865164742547,7.73660371081879,3.436491303098179,12.800000190734863,False,-0.25,14.416666666666671,False,False,False,False,False,False,False,False,False,False,False,False,False,False,False,False,False,False,False,False,False,False,False,False,False,False,False,0.159985,-0.0041,0.2456,0.4387,0.0,True
2021-08-01,0,73.41120147705078,14.520000457763672,73.45,17132.19921875,57552.390625,13.0,5.59,8.4,4.0,137.9,9.0,7.5,-0.25,12.766666666666666,1.2999999999999998,0.0,20.1,11.5,160.9,2021.0,August,FY22,0.126815,-0.0327,0.2411,0.4387,-0.1454,73.41120147705078,-1.1323566190228562,1.405789438684346,73.45,5.486145192106151,False,8.685815441979706,9.943010456929713,4.691964467658869,14.520000457763672,False,1.7200002670288086,13.456666946411138,False,False,False,False,False,False,False,False,False,False,False,False,False,False,False,False,False,False,False,False,False,False,False,False,False,False,False,0.149975,-0.0327,0.2456,0.4387,0.0,True
2021-09-01,0,74.3219985961914,18.399999618530277,78.5199966430664,17618.150390625,59126.359375,4.4,5.59,8.4,4.0,149.9,9.0,7.5,0.1,9.633333333333333,1.2999999999999998,0.0,20.1,13.0,137.9,2021.0,September,FY22,0.126815,-0.0327,0.2411,0.4387,-0.1454,74.3219985961914,1.2406786713950568,0.0463077835691994,78.5199966430664,4.512178242485176,False,2.836478642760354,12.064054896956389,4.315728265471823,18.399999618530277,False,3.8799991607666016,15.240000089009609,False,False,False,False,False,False,False,False,False,False,False,False,False,False,False,False,False,False,False,False,False,False,False,False,False,False,False,0.149975,-0.0327,0.2456,0.4387,0.0,True
2021-10-01,0,74.79720306396484,17.43000030517578,84.37999725341797,17671.650390625,59306.9296875,4.2,4.48,5.4,4.0,158.1,9.8,7.0,0.1,7.2,-1.1099999999999994,0.0,8.4,4.4,149.9,2021.0,October,FY22,0.126815,-0.0327,0.2411,0.4387,-0.1454,74.79720306396484,0.6393860186071354,0.7342619332334488,84.37999725341797,10.546305815871415,False,0.3036641123716821,12.108066710351515,4.299037709156529,17.43000030517578,False,-0.9699993133544922,16.783333460489914,False,False,False,False,False,False,False,False,False,False,False,False,False,False,False,False,False,False,False,False,False,False,False,False,False,False,False,0.149975,-0.0327,0.2456,0.4387,0.0,True
2021-11-01,0,75.05490112304688,21.170000076293945,70.56999969482422,16983.19921875,57064.87109375,1.0,4.48,5.4,4.0,126.3,9.8,7.0,0.1,3.2000000000000006,-1.1099999999999994,0.0,8.4,4.2,158.1,2021.0,November,FY22,0.126815,-0.0327,0.2411,0.4387,-0.1454,75.05490112304688,0.344529004462446,2.2390311191268664,70.56999969482422,-3.9210351329826874,False,-3.89579443151632,-0.869707374386175,3.400345625908556,21.170000076293945,False,3.739999771118164,19.000000000000004,False,False,False,False,False,False,False,False,False,False,False,False,False,False,False,False,False,False,False,False,False,False,False,False,False,False,False,0.149975,-0.0327,0.2456,0.4387,0.0,True
2021-12-01,0,74.43119812011719,16.219999313354492,77.77999877929688,17354.05078125,58253.8203125,1.0,4.48,5.4,4.0,141.6,9.8,7.0,0.1,2.066666666666667,-1.1099999999999994,0.0,8.4,1.0,126.3,2021.0,December,FY22,0.126815,-0.0327,0.2411,0.4387,-0.1454,74.43119812011719,-0.8309957026086501,0.1469275934290914,77.77999877929688,-0.942432368067192,False,2.1836378277336976,-1.4990200646461391,3.112588682193003,16.219999313354492,False,-4.950000762939453,18.27333323160808,False,False,False,False,False,False,False,False,False,False,False,False,False,False,False,False,False,False,False,False,False,False,False,False,False,False,False,0.149975,-0.0327,0.2456,0.4387,0.0,True
2022-01-01,0,75.03900146484375,21.950000762939453,91.20999908447266,17339.849609375,58014.171875,1.5,6.01,4.1,4.0,139.6,10.5,6.8,0.1,1.1666666666666667,1.5299999999999994,0.0,5.4,1.0,141.6,2022.0,January,FY22,0.126815,-0.0327,0.2411,0.4387,-0.1454,75.03900146484375,0.8165975559679906,0.3232719820714713,91.20999908447266,8.094337583991829,False,-0.0818320290404073,-1.8775879666905528,3.072408378733253,21.950000762939453,False,5.730001449584961,19.78000005086264,False,False,False,False,False,False,False,False,False,False,False,False,False,False,False,False,False,False,False,False,False,False,False,False,False,False,False,0.149975,-0.0327,0.2456,0.4387,0.0,True
2022-02-01,0,75.06800079345703,28.56999969482422,100.98999786376952,16793.900390625,56247.28125,1.7,6.01,4.1,4.0,142.1,10.5,6.8,0.1,1.4,1.5299999999999994,0.0,5.4,1.5,139.6,2022.0,February,FY22,0.166205,-0.0327,0.3724,0.4387,-0.1454,75.06800079345703,0.0386456749785768,0.0174534510260393,100.98999786376952,43.10613334348135,False,-3.148523378512036,-1.114624080461868,2.6760945621766385,28.56999969482422,False,6.619998931884766,22.24666659037273,False,False,False,False,False,False,False,False,False,False,False,False,False,False,False,False,False,False,False,False,False,False,False,False,False,False,False,0.180035,-0.0327,0.3458,0.4387,0.0,True
2022-03-01,0,75.82779693603516,20.559999465942383,107.91000366210938,17464.75,58568.51171875,2.2,6.01,4.1,4.0,119.2,10.5,6.8,0.1,1.8,1.5299999999999994,0.0,5.4,1.7,142.1,2022.0,March,FY22,0.166205,-0.0327,0.3724,0.4387,-0.1454,75.82779693603516,1.0121438356519352,1.8763621319975776,107.91000366210938,38.73747152954748,False,3.994602765117583,0.6378869126602016,3.583438003922839,20.559999465942383,False,-8.010000228881836,23.693333307902023,False,False,False,False,False,False,False,False,False,False,False,False,False,False,False,False,False,False,False,False,False,False,False,False,False,False,False,0.180035,-0.0327,0.3458,0.4387,0.0,True
2022-04-01,0,76.58899688720703,19.420000076293945,109.33999633789062,17102.55078125,57060.87109375,6.3,7.79,13.1,4.0,98.0,11.2,7.2,0.1,3.4,1.7800000000000002,0.0,4.1,2.2,119.2,2022.0,April,FY23,0.075585,-0.0327,0.3724,-0.0144,-0.1454,76.58899688720703,1.0038534441584537,2.0655864178702688,109.33999633789062,19.87720363490757,False,-2.073887222834569,-1.3685172217220545,3.8515292353550894,19.420000076293945,False,-1.1399993896484375,22.84999974568685,False,False,False,False,False,False,False,False,False,False,False,False,False,False,False,False,False,False,False,False,False,False,False,False,False,False,False,0.08941500000000001,-0.0327,0.3458,-0.0144,0.0,True
2022-05-01,0,77.5208969116211,20.479999542236328,125.53,16584.55078125,55566.41015625,19.6,7.79,13.1,4.0,94.7,11.2,7.2,0.1,9.366666666666667,1.7800000000000002,0.0,4.1,6.3,98.0,2022.0,May,FY23,0.075585,-0.0327,0.3724,-0.0144,-0.1454,77.5208969116211,1.2167544455327972,3.2675655302357054,125.53,24.299438216974423,False,-3.028787966341828,-1.2465812259543352,3.809339915054757,20.479999542236328,False,1.0599994659423828,20.15333302815756,False,False,False,False,False,False,False,False,False,False,False,False,False,False,False,False,False,False,False,False,False,False,False,False,False,False,False,0.08941500000000001,-0.0327,0.3458,-0.0144,0.0,True
2022-06-01,0,78.89830017089844,21.84000015258789,114.80999755859376,15780.25,53018.94140625,12.6,7.79,13.1,4.4,120.5,11.2,7.2,-0.3,12.833333333333334,1.7800000000000002,0.4000000000000003,4.1,19.6,94.7,2022.0,June,FY23,0.075585,-0.0327,0.3724,-0.0144,-0.1454,78.89830017089844,1.7768154319056428,4.049310884573654,114.80999755859376,6.394211530276484,False,-4.84969892678262,-9.64514235817864,1.4102412779130782,21.84000015258789,False,1.3600006103515625,20.57999992370606,False,False,False,False,False,False,False,False,False,False,False,False,False,False,False,False,False,False,False,False,False,False,False,False,False,False,False,0.08941500000000001,-0.0327,0.3458,-0.0144,0.0,True
2022-07-01,0,79.57150268554688,16.549999237060547,110.01000213623048,17158.25,57570.25,2.4,6.71,6.3,4.9,120.5,12.0,6.9,-0.35,11.533333333333331,-1.08,0.5,13.1,12.6,120.5,2022.0,July,FY23,0.075585,-0.0327,0.3724,-0.0144,-0.1454,79.57150268554688,0.8532535088718429,3.894170076064829,110.01000213623048,0.6127728377357311,False,8.732434530504896,0.32567784456492,7.372430858698685,16.549999237060547,False,-5.290000915527344,19.623332977294925,False,False,False,False,False,False,False,False,False,False,False,False,False,False,False,False,False,False,False,False,False,False,False,False,False,False,False,0.08941500000000001,-0.0327,0.3458,-0.0144,0.0,True
2022-08-01,0,79.68229675292969,18.700000762939453,96.48999786376952,17759.30078125,59537.0703125,0.8,6.71,6.3,4.9,123.4,12.0,6.9,-0.35,5.266666666666667,-1.08,0.0,13.1,2.4,120.5,2022.0,August,FY23,0.08346,-0.0102,0.3724,-0.0144,-0.1454,79.68229675292969,0.139238375101014,2.7881512307226464,96.48999786376952,-23.13391391398906,False,3.5029841694228736,7.08339957768489,6.850654655289358,18.700000762939453,False,2.1500015258789062,19.03000005086264,False,False,False,False,False,False,False,False,False,False,False,False,False,False,False,False,False,False,False,False,False,False,False,False,False,False,False,0.09729,-0.0102,0.3458,-0.0144,0.0,True
2022-09-01,0,81.48059844970703,19.96999931335449,87.95999908447266,17094.349609375,57426.921875,3.5,6.71,6.3,5.4,125.7,12.0,6.9,-0.35,2.2333333333333334,-1.08,0.5,13.1,0.8,123.4,2022.0,September,FY23,0.08346,-0.0102,0.3724,-0.0144,-0.1454,81.48059844970703,2.256839687180867,3.2729453907310857,87.95999908447266,-23.38646376193684,False,-3.744241848626417,8.327495504665627,6.265472707695784,19.96999931335449,False,1.269998550415039,18.406666437784835,False,False,False,False,False,False,False,False,False,False,False,False,False,False,False,False,False,False,False,False,False,False,False,False,False,False,False,0.09729,-0.0102,0.3458,-0.0144,0.0,True
2022-10-01,0,82.23919677734375,15.800000190734863,94.83000183105467,18012.19921875,60746.58984375,4.2,6.77,4.4,5.9,105.6,13.0,7.1,-0.28,2.833333333333333,0.0599999999999996,0.5,6.3,3.5,125.7,2022.0,October,FY23,0.08346,-0.0102,0.3724,-0.0144,-0.1454,82.23919677734375,0.9310171280896506,3.352574730603175,94.83000183105467,-13.798745578040885,False,5.36931577011639,4.976901599813499,4.81425679744691,15.800000190734863,False,-4.169999122619629,18.156666755676277,False,False,False,False,False,False,False,False,False,False,False,False,False,False,False,False,False,False,False,False,False,False,False,False,False,False,False,0.09729,-0.0102,0.3458,-0.0144,0.0,True
2022-11-01,0,81.63089752197266,13.8100004196167,85.43000030517578,18758.349609375,63099.6484375,7.1,6.77,4.4,5.9,105.1,13.0,7.1,-0.28,4.933333333333334,0.0599999999999996,0.0,6.3,4.2,105.6,2022.0,November,FY23,0.08346,-0.0102,0.3724,-0.0144,-0.1454,81.63089752197266,-0.7396707156783311,2.445462603926929,85.43000030517578,-11.462325425904696,False,4.142472451938506,5.62549641132144,4.945744626380639,13.8100004196167,False,-1.989999771118164,16.526666641235355,False,False,False,False,False,False,False,False,False,False,False,False,False,False,False,False,False,False,False,False,False,False,False,False,False,False,False,0.09729,-0.0102,0.3458,-0.0144,0.0,True
2022-12-01,0,82.739501953125,14.869999885559082,85.91000366210938,18105.30078125,60840.73828125,4.7,6.77,4.4,5.9,119.9,13.0,7.1,-0.28,5.333333333333333,0.0599999999999996,0.0,6.3,7.1,105.1,2022.0,December,FY23,0.08346,-0.0102,0.3724,-0.0144,-0.1454,82.739501953125,1.358069633932346,1.5450346798753678,85.91000366210938,-2.330599640405362,False,-3.4813767827347686,5.913949316448819,4.795188219202675,14.869999885559082,False,1.0599994659423828,14.82666683197022,False,False,False,False,False,False,False,False,False,False,False,False,False,False,False,False,False,False,False,False,False,False,False,False,False,False,False,0.09729,-0.0102,0.3458,-0.0144,0.0,True
2023-01-01,0,81.57990264892578,16.8799991607666,83.42,17662.150390625,59549.8984375,5.8,6.52,6.1,6.25,112.5,14.2,7.0,-0.28,5.866666666666667,-0.25,0.3499999999999996,4.4,4.7,119.9,2023.0,January,FY23,0.08346,-0.0102,0.3724,-0.0144,-0.1454,81.57990264892578,-1.4015062658416455,-0.8016787058401809,83.42,-12.032059064368983,False,-2.4476278852209377,-1.943398603767421,4.135640546718416,16.8799991607666,False,2.0099992752075195,15.186666488647466,False,False,False,False,False,False,False,False,False,False,False,False,False,False,False,False,False,False,False,False,False,False,False,False,False,False,False,0.09729,-0.0102,0.3458,-0.0144,0.0,True
2023-02-01,0,82.6520004272461,14.020000457763672,83.88999938964844,17303.94921875,58962.12109375,6.0,6.52,6.1,6.25,115.1,14.2,7.0,-0.28,5.5,-0.25,0.0,4.4,5.8,112.5,2023.0,February,FY23,0.09303,-0.009,0.4029,-0.0144,-0.1454,82.6520004272461,1.3141689846505766,1.250877959535579,83.88999938964844,-1.8026465059418293,False,-2.028072255941904,-7.753349419919752,0.7479703377326848,14.020000457763672,False,-2.8599987030029297,15.256666501363124,False,False,False,False,False,False,False,False,False,False,False,False,False,False,False,False,False,False,False,False,False,False,False,False,False,False,False,0.13416,-0.009,0.4673,-0.0144,0.0,True
2023-03-01,0,82.10050201416016,12.9399995803833,79.7699966430664,17359.75,58991.51953125,1.9,6.52,6.1,6.5,91.3,14.2,7.0,-0.18,4.566666666666666,-0.25,0.25,4.4,6.0,115.1,2023.0,March,FY23,0.09303,-0.009,0.4029,-0.0144,-0.1454,82.10050201416016,-0.6672535573671867,-0.7723033422739944,79.7699966430664,-7.1470221828788265,False,0.3224742545449466,-4.117859130084689,1.493014941249043,12.9399995803833,False,-1.080000877380371,14.613333066304529,False,False,False,False,False,False,False,False,False,False,False,False,False,False,False,False,False,False,False,False,False,False,False,False,False,False,False,0.13416,-0.009,0.4673,-0.0144,0.0,True
2023-04-01,0,81.74539947509766,10.949999809265137,79.54000091552734,18065.0,61112.44140625,4.6,4.7,7.8,6.5,108.1,15.0,6.8,-0.18,4.166666666666667,-1.82,0.0,6.1,1.9,91.3,2023.0,April,FY24,0.09677,-0.009,0.4029,0.0043,-0.1454,81.74539947509766,-0.4325217633885492,0.2028647017195961,79.54000091552734,-4.651161693206252,False,4.062558504586766,2.2808638838724304,3.0716196095998702,10.949999809265137,False,-1.989999771118164,12.63666661580404,False,False,False,False,False,False,False,False,False,False,False,False,False,False,False,False,False,False,False,False,False,False,False,False,False,False,False,0.1379,-0.009,0.4673,0.0043,0.0,True
2023-05-01,0,82.68389892578125,11.970000267028809,72.66000366210938,18534.400390625,62622.23828125,5.7,4.7,7.8,6.5,90.2,15.0,6.8,-0.18,4.066666666666666,-1.82,0.0,6.1,4.6,108.1,2023.0,May,FY24,0.09677,-0.009,0.4029,0.0043,-0.1454,82.68389892578125,1.1480761690686905,0.0385937404663749,72.66000366210938,-13.38657266568628,False,2.598396848187101,7.11081127388955,1.8846672210999869,11.970000267028809,False,1.020000457763672,11.95333321889242,False,False,False,False,False,False,False,False,False,False,False,False,False,False,False,False,False,False,False,False,False,False,False,False,False,False,False,0.1379,-0.009,0.4673,0.0043,0.0,True
2023-06-01,0,82.07540130615234,10.800000190734863,74.9000015258789,19189.05078125,64718.55859375,4.0,4.7,7.8,6.5,106.3,15.0,6.8,-0.18,4.766666666666667,-1.82,0.0,6.1,5.7,90.2,2023.0,June,FY24,0.09677,-0.009,0.4029,0.0043,-0.1454,82.07540130615234,-0.7359324215892471,-0.0305731480222615,74.9000015258789,-6.105046160373384,False,3.532082920557466,10.537598647734004,0.7412763073533254,10.800000190734863,False,-1.170000076293945,11.240000089009609,False,False,False,False,False,False,False,False,False,False,False,False,False,False,False,False,False,False,False,False,False,False,False,False,False,False,False,0.1379,-0.009,0.4673,0.0043,0.0,True
2023-07-01,0,82.25279998779297,10.40999984741211,85.55999755859375,19753.80078125,66527.671875,6.2,7.44,7.6,6.5,108.7,15.8,6.5,-0.18,5.3,2.74,0.0,7.8,4.0,106.3,2023.0,July,FY24,0.09677,-0.009,0.4029,0.0043,-0.1454,82.25279998779297,0.2161411078319464,0.6207083407181679,85.55999755859375,7.568514676608729,False,2.943084608186197,9.348468205092765,0.4721402238049426,10.40999984741211,False,-0.3900003433227539,11.060000101725263,False,False,False,False,False,False,False,False,False,False,False,False,False,False,False,False,False,False,False,False,False,False,False,False,False,False,False,0.1379,-0.009,0.4673,0.0043,0.0,True
2023-08-01,0,82.70040130615234,12.0600004196167,86.86000061035156,19253.80078125,64831.41015625,10.9,7.44,7.6,6.5,87.8,15.8,6.5,-0.18,7.033333333333334,2.74,0.0,7.8,6.2,108.7,2023.0,August,FY24,-0.089115,-0.5401,0.4029,0.0043,-0.1454,82.70040130615234,0.54417760662957,0.0199583964780147,86.86000061035156,19.54307216151048,False,-2.531158461791272,3.881433310294136,3.3435797249305192,12.0600004196167,False,1.6500005722045898,11.090000152587896,False,False,False,False,False,False,False,False,False,False,False,False,False,False,False,False,False,False,False,False,False,False,False,False,False,False,False,-0.04798500000000003,-0.5401,0.4673,0.0043,0.0,True
2023-09-01,0,83.19300079345703,11.449999809265137,95.30999755859376,19638.30078125,65828.40625,6.4,7.44,7.6,6.5,104.6,15.8,6.5,-0.05,7.833333333333333,2.74,0.0,7.8,10.9,87.8,2023.0,September,FY24,-0.089115,-0.5401,0.4029,0.0043,-0.1454,83.19300079345703,0.5956434062285965,1.3616741063938065,95.30999755859376,27.249660369716988,False,1.9970083017293967,2.3411788583048487,2.9259383624485458,11.449999809265137,False,-0.6100006103515625,11.306666692097986,False,False,False,False,False,False,False,False,False,False,False,False,False,False,False,False,False,False,False,False,False,False,False,False,False,False,False,-0.04798500000000003,-0.5401,0.4673,0.0043,0.0,True
2023-10-01,0,83.29650115966797,11.829999923706056,86.82,19079.599609375,63874.9296875,11.9,4.87,8.4,6.5,98.3,16.2,6.2,-0.05,9.733333333333333,-2.5700000000000003,0.0,7.6,6.4,104.6,2023.0,October,FY24,-0.089115,-0.5401,0.4029,0.0043,-0.1454,83.29650115966797,0.124409944615289,1.26889439876805,86.82,1.4726536668533186,False,-2.844956791824016,-3.4130200022819857,2.7094707231417736,11.829999923706056,False,0.3800001144409179,11.780000050862634,False,False,False,False,False,False,False,False,False,False,False,False,False,False,False,False,False,False,False,False,False,False,False,False,False,False,False,-0.04798500000000003,-0.5401,0.4673,0.0043,0.0,True
2023-11-01,0,83.3302993774414,12.6899995803833,82.83000183105469,20133.150390625,66988.4375,2.5,4.87,8.4,6.5,101.7,16.2,6.2,-0.05,6.933333333333334,-2.5700000000000003,0.0,7.6,11.9,98.3,2023.0,November,FY24,-0.089115,-0.5401,0.4029,0.0043,-0.1454,83.3302993774414,0.0405757952649743,0.7616626537968241,82.83000183105469,-4.639648573542143,False,5.521870494244152,4.56714816656536,4.200656263774037,12.6899995803833,False,0.8599996566772461,11.98999977111817,False,False,False,False,False,False,False,False,False,False,False,False,False,False,False,False,False,False,False,False,False,False,False,False,False,False,False,-0.04798500000000003,-0.5401,0.4673,0.0043,0.0,True
2023-12-01,0,82.302001953125,14.5,77.04000091552734,21731.400390625,72240.2578125,4.4,4.87,8.4,6.5,112.0,16.2,6.2,-0.05,6.266666666666667,-2.5700000000000003,0.0,7.6,2.5,101.7,2023.0,December,FY24,-0.089115,-0.5401,0.4029,0.0043,-0.1454,82.302001953125,-1.2340018360653793,-1.0710021658482003,77.04000091552734,-19.169024353226483,False,7.938399947303942,10.65825212012954,5.658683533527569,14.5,False,1.8100004196166992,13.006666501363124,False,False,False,False,False,False,False,False,False,False,False,False,False,False,False,False,False,False,False,False,False,False,False,False,False,False,False,-0.04798500000000003,-0.5401,0.4673,0.0043,0.0,True
2024-01-01,0,83.10970306396484,16.049999237060547,81.70999908447266,21725.69921875,71752.109375,4.2,5.1,7.8,6.5,90.2,16.5,6.0,-0.05,3.7000000000000006,0.2299999999999995,0.0,8.4,4.4,112.0,2024.0,January,FY24,-0.089115,-0.5401,0.4029,0.0043,-0.1454,83.10970306396484,0.9813869549611498,-0.2242568332432859,81.70999908447266,-5.885741667274058,False,-0.0262347192197531,13.868737623166894,4.083635868282934,16.049999237060547,False,1.5499992370605469,14.413332939147956,False,False,False,False,False,False,False,False,False,False,False,False,False,False,False,False,False,False,False,False,False,False,False,False,False,False,False,-0.04798500000000003,-0.5401,0.4673,0.0043,0.0,True
2024-02-01,0,82.91190338134766,15.56999969482422,83.62000274658203,21982.80078125,72500.296875,5.6,5.1,7.8,6.5,85.0,16.5,6.0,-0.05,4.733333333333333,0.2299999999999995,0.0,8.4,4.2,90.2,2024.0,February,FY24,-0.0052799999999999,-0.2404,0.3327,0.0043,-0.1454,82.91190338134766,-0.2379983026349563,-0.5020934752659856,83.62000274658203,0.9537617989417324,False,1.1833983335188147,9.187088730466565,4.292020974935314,15.56999969482422,False,-0.4799995422363281,15.373332977294927,False,False,False,False,False,False,False,False,False,False,False,False,False,False,False,False,False,False,False,False,False,False,False,False,False,False,False,0.013020000000000004,-0.2404,0.321,0.0043,0.0,True
2024-03-01,0,83.39299774169922,12.829999923706056,87.4800033569336,22326.900390625,73651.3515625,5.5,5.1,7.8,6.5,83.6,16.5,6.0,0.05,5.1000000000000005,0.2299999999999995,0.0,8.4,5.6,85.0,2024.0,March,FY24,-0.0052799999999999,-0.2404,0.3327,0.0043,-0.1454,83.39299774169922,0.5802476372286369,1.325600547597361,87.4800033569336,13.551404877128023,False,1.565312867996771,2.7402743923346184,0.8308724888430896,12.829999923706056,False,-2.739999771118164,14.816666285196945,False,False,False,False,False,False,False,False,False,False,False,False,False,False,False,False,False,False,False,False,False,False,False,False,False,False,False,0.013020000000000004,-0.2404,0.321,0.0043,0.0,True
2024-04-01,0,83.45110321044922,12.869999885559082,87.86000061035156,22604.849609375,74482.78125,5.2,4.83,6.7,6.5,84.5,16.8,5.8,0.05,5.433333333333334,-0.2699999999999996,0.0,7.8,5.5,83.6,2024.0,April,FY25,-0.0836799999999999,-0.2404,0.3327,-0.3877,-0.1454,83.45110321044922,0.0696766758882638,0.4107825366932438,87.86000061035156,7.526620480708823,False,1.2449073265302424,4.046591926791776,0.2050616894453914,12.869999885559082,False,0.0399999618530273,13.756666501363124,False,False,False,False,False,False,False,False,False,False,False,False,False,False,False,False,False,False,False,False,False,False,False,False,False,False,False,-0.06538,-0.2404,0.321,-0.3877,0.0,True
2024-05-01,0,83.3208999633789,24.600000381469727,81.62000274658203,22530.69921875,73961.3125,6.3,4.83,6.7,6.5,92.2,16.8,5.8,0.05,5.666666666666667,-0.2699999999999996,0.0,7.8,5.2,84.5,2024.0,May,FY25,-0.0836799999999999,-0.2404,0.3327,-0.3877,-0.1454,83.3208999633789,-0.1560233982071612,0.4932905473778559,81.62000274658203,-2.391772224716593,False,-0.3280286836955914,2.492395955147453,1.0133714056416216,24.600000381469727,False,11.730000495910645,16.76666673024496,False,False,False,False,False,False,False,False,False,False,False,False,False,False,False,False,False,False,False,False,False,False,False,False,False,False,False,-0.06538,-0.2404,0.321,-0.3877,0.0,True
2024-06-01,0,83.45089721679688,13.800000190734863,86.41000366210938,24010.599609375,79032.7265625,4.9,4.83,6.7,6.5,96.9,16.8,5.8,0.05,5.466666666666666,-0.2699999999999996,0.0,7.8,6.3,92.2,2024.0,June,FY25,-0.0836799999999999,-0.2404,0.3327,-0.3877,-0.1454,83.45089721679688,0.1560199823514851,0.0694296603618749,86.41000366210938,-1.223136321175522,False,6.568373117304005,7.541123887742951,3.614179794426254,13.800000190734863,False,-10.800000190734863,17.090000152587894,False,False,False,False,False,False,False,False,False,False,False,False,False,False,False,False,False,False,False,False,False,False,False,False,False,False,False,-0.06538,-0.2404,0.321,-0.3877,0.0,True
2024-07-01,0,83.73899841308594,13.25,80.72000122070312,24951.150390625,81741.34375,5.0,3.54,5.4,6.5,96.9,17.0,5.5,0.05,5.4,-1.29,0.0,6.7,4.9,96.9,2024.0,July,FY25,-0.0836799999999999,-0.2404,0.3327,-0.3877,-0.1454,83.73899841308594,0.3452343903991961,0.3449866946763968,80.72000122070312,-8.126564238615785,False,3.917231541701116,10.379634555396056,3.47877238490955,13.25,False,-0.5500001907348633,17.216666857401535,False,False,False,False,False,False,False,False,False,False,False,False,False,False,False,False,False,False,False,False,False,False,False,False,False,False,False,-0.06538,-0.2404,0.321,-0.3877,0.0,True
2024-08-01,0,83.89510345458984,13.390000343322754,78.80000305175781,25235.900390625,82365.7734375,0.0,3.54,5.4,6.5,103.3,17.0,5.5,0.05,3.2999999999999994,-1.29,0.0,6.7,5.0,96.9,2024.0,August,FY25,-0.002025,-0.0071,0.3327,-0.3877,-0.1454,83.89510345458984,0.1864185677667551,0.6891470104899433,78.80000305175781,-3.45503504034409,False,1.1412299454817587,12.006734214550008,2.7138109588903165,13.390000343322754,False,0.1400003433227539,13.48000017801921,False,False,False,False,False,False,False,False,False,False,False,False,False,False,False,False,False,False,False,False,False,False,False,False,False,False,False,0.016274999999999998,-0.0071,0.321,-0.3877,0.0,True
2024-09-01,0,83.71640014648438,12.789999961853027,72.35,25810.849609375,84299.78125,3.2,3.54,5.4,6.5,96.1,17.0,5.5,0.05,2.733333333333333,-1.29,0.0,6.7,0.0,103.3,2024.0,September,FY25,-0.002025,-0.0071,0.3327,-0.3877,-0.1454,83.71640014648438,-0.2130080311566695,0.3181546736372942,72.35,-16.271268448371412,False,2.2782988118133174,7.497730291154814,1.3955411711405623,12.789999961853027,False,-0.6000003814697266,13.1433334350586,False,False,False,False,False,False,False,False,False,False,False,False,False,False,False,False,False,False,False,False,False,False,False,False,False,False,False,0.016274999999999998,-0.0071,0.321,-0.3877,0.0,True
2024-10-01,0,84.08910369873047,15.550000190734863,73.16000366210938,24205.349609375,79389.0625,3.7,6.21,6.4,6.5,111.7,16.5,5.2,0.05,2.3000000000000003,2.67,0.0,5.4,3.2,96.1,2024.0,October,FY25,-0.002025,-0.0071,0.3327,-0.3877,-0.1454,84.08910369873047,0.4451977767724768,0.4180910833414319,73.16000366210938,-9.365705456226824,False,-6.2202524298806905,-2.989043669626623,4.613561920708182,15.550000190734863,False,2.760000228881836,13.910000165303552,False,False,False,False,False,False,False,False,False,False,False,False,False,False,False,False,False,False,False,False,False,False,False,False,False,False,False,0.016274999999999998,-0.0071,0.321,-0.3877,0.0,True
2024-11-01,0,84.56189727783203,14.43000030517578,72.94000244140625,24131.099609375,79802.7890625,5.0,6.21,6.4,6.5,95.8,16.5,5.2,0.1,3.966666666666667,2.67,0.0,5.4,3.7,111.7,2024.0,November,FY25,-0.002025,-0.0071,0.3327,-0.3877,-0.1454,84.56189727783203,0.5622530842943174,0.7947946850117571,72.94000244140625,-7.436548709906221,False,-0.3067503721212228,-4.377893255833354,4.356553666186631,14.43000030517578,False,-1.119999885559082,14.256666819254562,False,False,False,False,False,False,False,False,False,False,False,False,False,False,False,False,False,False,False,False,False,False,False,False,False,False,False,0.016274999999999998,-0.0071,0.321,-0.3877,0.0,True
2024-12-01,0,85.7865982055664,14.449999809265137,74.58,23644.80078125,78139.0078125,3.7,6.21,6.4,6.5,127.0,16.5,5.2,0.1,4.133333333333333,2.67,0.0,5.4,5.0,95.8,2024.0,December,FY25,-0.002025,-0.0071,0.3327,-0.3877,-0.1454,85.7865982055664,1.4482893207925065,2.4728703760071635,74.58,3.082239115411212,False,-2.0152369183212504,-8.392009022974001,3.0433147585630973,14.449999809265137,False,0.0199995040893554,14.810000101725263,False,False,False,False,False,False,False,False,False,False,False,False,False,False,False,False,False,False,False,False,False,False,False,False,False,False,False,0.016274999999999998,-0.0071,0.321,-0.3877,0.0,True
2025-01-01,0,86.64700317382812,16.25,76.76000213623047,23508.400390625,77500.5703125,5.2,4.26,6.5,6.5,107.6,15.2,5.0,0.1,4.633333333333334,-1.95,0.0,6.4,3.7,127.0,2025.0,January,FY25,-0.002025,-0.0071,0.3327,-0.3877,-0.1454,86.64700317382812,1.00295965367454,3.04189171079996,76.76000213623047,4.920719373864091,False,-0.5768726574899463,-2.879318952204113,0.9184029684218356,16.25,False,1.8000001907348633,15.04333337148031,False,False,False,False,False,False,False,False,False,False,False,False,False,False,False,False,False,False,False,False,False,False,False,False,False,False,False,0.016274999999999998,-0.0071,0.321,-0.3877,0.0,True
2025-02-01,0,87.3270034790039,13.90999984741211,73.18000030517578,22124.69921875,73198.1015625,2.7,3.61,6.5,6.5,94.5,15.2,5.0,0.1,3.866666666666667,-1.95,0.0,6.4,5.2,107.6,2025.0,February,FY25,-0.0015749999999999,-0.0071,0.3342,-0.3877,-0.1454,87.3270034790039,0.784793795824168,3.269919774963181,73.18000030517578,0.3290346253584486,False,-5.885986068311189,-8.31458335137577,2.745853720853404,13.90999984741211,False,-2.34000015258789,14.869999885559087,False,False,False,False,False,False,False,False,False,False,False,False,False,False,False,False,False,False,False,False,False,False,False,False,False,False,False,0.044115,-0.0071,0.4138,-0.3877,0.0,True
2025-03-01,0,85.53880310058594,12.720000267028809,74.73999786376953,23519.349609375,77414.921875,3.9,3.34,6.5,6.25,94.2,15.2,5.0,-0.37,3.9333333333333336,-1.95,-0.25,6.4,2.7,94.5,2025.0,March,FY25,-0.0015749999999999,-0.0071,0.3342,-0.3877,-0.1454,85.53880310058594,-2.047706101409863,-0.2888506015667924,74.73999786376953,0.2145318634614312,False,6.303590285390537,-0.5305655693004674,6.111644994053536,12.720000267028809,False,-1.1899995803833008,14.29333337148031,False,False,False,False,False,False,False,False,False,False,False,False,False,False,False,False,False,False,False,False,False,False,False,False,False,False,False,0.044115,-0.0071,0.4138,-0.3877,0.0,True
2025-04-01,0,85.1707992553711,18.21999931335449,63.119998931884766,24334.19921875,80242.2421875,2.6,3.16,7.4,6.25,111.6,14.5,4.9,-0.37,3.0666666666666664,-1.0999999999999996,0.0,6.5,3.9,94.2,2025.0,April,FY26,0.063445,-0.0071,0.3342,-0.0626,-0.1454,85.1707992553711,-0.4302186047449141,-1.703698759777672,63.119998931884766,-17.769675383981863,False,3.464592443705139,3.512781875428339,6.378074408173677,18.21999931335449,False,5.499999046325684,14.949999809265142,False,False,False,False,False,False,False,False,False,False,False,False,False,False,False,False,False,False,False,False,False,False,False,False,False,False,False,0.109135,-0.0071,0.4138,-0.0626,0.0,True
2025-05-01,0,85.5156021118164,16.079999923706055,63.900001525878906,24750.69921875,81451.0078125,1.9,2.82,7.4,6.0,106.6,14.5,4.9,-0.2,2.8000000000000003,-0.79,-0.25,6.5,2.6,111.6,2025.0,May,FY26,0.063445,-0.0071,0.3342,-0.0626,-0.1454,85.5156021118164,0.4048369387863459,-2.0742740447094565,63.900001525878906,-12.681058678050494,False,1.7115829300808905,11.869087909563737,2.317307440801683,16.079999923706055,False,-2.139999389648437,15.67333316802979,False,False,False,False,False,False,False,False,False,False,False,False,False,False,False,False,False,False,False,False,False,False,False,False,False,False,False,0.109135,-0.0071,0.4138,-0.0626,0.0,True
2025-06-01,0,85.4552993774414,12.789999961853027,68.15,25517.05078125,83606.4609375,1.5,2.1,7.4,6.0,118.1,14.5,4.9,-0.2,2.0,-1.2399999999999998,0.0,6.5,1.9,106.6,2025.0,June,FY26,0.063445,-0.0071,0.3342,-0.0626,-0.1454,85.4552993774414,-0.0705166459521011,-0.0976208692636704,68.15,-8.817230468458504,False,3.0962824756055607,8.493862309350163,0.9243094195880036,12.789999961853027,False,-3.289999961853028,15.696666399637865,False,False,False,False,False,False,False,False,False,False,False,False,False,False,False,False,False,False,False,False,False,False,False,False,False,False,False,0.109135,-0.0071,0.4138,-0.0626,0.0,True
2025-07-01,0,87.714599609375,11.539999961853027,72.52999877929688,24768.349609375,81185.578125,4.3,2.24,7.0,5.5,117.9,14.0,4.8,0.23,2.5666666666666664,-0.92,-0.5,7.4,1.5,118.1,2025.0,July,FY26,0.063445,-0.0071,0.3342,-0.0626,-0.1454,87.714599609375,2.643838648267627,2.9867048052193645,72.52999877929688,14.908111544119018,False,-2.9341211031532977,1.7841162009164302,3.1587372508248794,11.539999961853027,False,-1.25,13.469999949137376,False,False,False,False,False,False,False,False,False,False,False,False,False,False,False,False,False,False,False,False,False,False,False,False,False,False,False,0.109135,-0.0071,0.4138,-0.0626,0.0,True
2025-08-01,0,88.16699981689453,11.75,68.12000274658203,24426.849609375,79809.6484375,4.1,2.12,7.0,5.5,114.7,14.0,4.8,0.23,3.2999999999999994,-0.6999999999999997,0.0,7.4,4.3,117.9,2025.0,August,FY26,0.063445,-0.0071,0.3342,-0.0626,-0.1454,88.16699981689453,0.5157638631815287,3.100484168504458,68.12000274658203,6.604070610223789,False,-1.378775757714357,-1.308446304941835,3.1307883101515803,11.75,False,0.2100000381469726,12.026666641235355,False,False,False,False,False,False,False,False,False,False,False,False,False,False,False,False,False,False,False,False,False,False,False,False,False,False,False,0.109135,-0.0071,0.4138,-0.0626,0.0,True
2025-09-01,0,88.70449829101562,11.06999969482422,67.0199966430664,24611.099609375,80267.6171875,4.6,2.08,7.0,5.5,109.3,14.0,4.8,-0.31,4.333333333333333,-0.02,0.0,7.4,4.1,114.7,2025.0,September,FY26,0.063445,-0.0071,0.3342,-0.0626,-0.1454,88.70449829101562,0.6096367974836037,3.802220502701736,67.0199966430664,-1.6581120424557616,False,0.7542929315341729,-3.55037570619523,1.8517324891350944,11.06999969482422,False,-0.6800003051757812,11.45333321889242,False,False,False,False,False,False,False,False,False,False,False,False,False,False,False,False,False,False,False,False,False,False,False,False,False,False,False,0.109135,-0.0071,0.4138,-0.0626,0.0,True
2025-10-01,0,88.6344985961914,12.149999618530272,65.06999969482422,25722.099609375,83938.7109375,0.4,0.41,6.9,5.5,105.0,13.5,4.7,0.45,3.033333333333333,-1.8300000000000003,0.0,7.0,4.6,109.3,2025.0,October,FY26,0.063445,-0.0071,0.3342,-0.0626,-0.1454,88.6344985961914,-0.0789133540833209,1.0487410202099312,65.06999969482422,-10.285398056013827,False,4.514223328634981,3.850680465358902,2.983691696981251,12.149999618530272,False,1.079999923706055,11.656666437784835,False,False,False,False,False,False,False,False,False,False,False,False,False,False,False,False,False,False,False,False,False,False,False,False,False,False,False,0.109135,-0.0071,0.4138,-0.0626,0.0,True
2025-11-01,0,89.34369659423828,11.619999885559082,63.20000076293945,26202.94921875,85706.671875,0.4,1.2,6.9,5.5,118.1,13.5,4.7,0.45,2.5,-0.9200000000000002,0.0,7.0,0.4,105.0,2025.0,November,FY26,0.063445,-0.0071,0.3342,-0.0626,-0.1454,89.34369659423828,0.8001376543888439,1.3346226817148257,63.20000076293945,-7.222551064693617,False,1.869402640831641,7.271095690920926,1.9311319101088733,11.619999885559082,False,-0.5299997329711914,11.613333066304529,False,False,False,False,False,False,False,False,False,False,False,False,False,False,False,False,False,False,False,False,False,False,False,False,False,False,False,0.109135,-0.0071,0.4138,-0.0626,0.0,True
2025-12-01,0,89.76940155029297,9.479999542236328,60.84999847412109,26129.599609375,85220.6015625,0.4,0.6,6.9,5.5,133.6,13.5,4.7,0.45,0.4,-1.48,0.0,7.0,0.4,118.1,2025.0,December,FY26,0.063445,-0.0071,0.3342,-0.0626,-0.1454,89.76940155029297,0.4764801237048255,1.2005064904190954,60.84999847412109,-9.206204831380926,False,-0.2799288307688385,6.1699803101100015,2.4013398056418764,9.479999542236328,False,-2.140000343322754,11.0833330154419,False,False,False,False,False,False,False,False,False,False,False,False,False,False,False,False,False,False,False,False,False,False,False,False,False,False,False,0.109135,-0.0071,0.4138,-0.0626,0.0,True
2026-01-01,0,91.68229675292967,13.630000114440918,70.69000244140625,25320.650390625,82269.78125,0.4,1.4,6.5,5.25,129.6,13.1,4.8,-0.89,0.4,0.99,-0.25,6.9,0.4,133.6,2026.0,January,FY26,0.063445,-0.0071,0.3342,-0.0626,-0.1454,91.68229675292967,2.130898913885515,3.438613863687201,70.69000244140625,8.636856881726796,False,-3.0959112686126167,-1.5607171453596247,2.4901045856341604,13.630000114440918,False,4.15000057220459,11.57666651407878,False,False,False,False,False,False,False,False,False,False,False,False,False,False,False,False,False,False,False,False,False,False,False,False,False,False,False,0.11449,-0.0071,0.4138,-0.0626,0.0357,True
2026-02-01,0,91.00740051269533,13.699999809265137,71.32,25178.650390625,81287.1875,0.4,2.1,6.5,5.25,117.5,13.1,4.8,-0.89,0.4,0.9000000000000001,0.0,6.9,0.4,129.6,2026.0,February,FY26,0.063445,-0.0071,0.3342,-0.0626,-0.1454,91.00740051269533,-0.7361249272071824,1.8621391120773545,71.32,12.848099903540056,False,-0.560807079634007,-3.9090974820194746,1.551096543841769,13.699999809265137,False,0.0699996948242187,12.269999821980798,False,False,False,False,False,False,False,False,False,False,False,False,False,False,False,False,False,False,False,False,False,False,False,False,False,False,False,0.11449,-0.0071,0.4138,-0.0626,0.0357,True
